Video ID,category,target_caption_01,target_caption_02,target_caption_03,target_caption_04,target_caption_05,target_caption_06,target_caption_07,target_caption_08,target_caption_09,target_caption_10
-23CeprtibU_000030,chainsawing trees,lawn mowing,hair dryer drying,vacuum cleaner cleaning floors,running electric fan,air conditioning noise,bathroom ventilation fan running,eletric blender running,cutting hair with electric trimmers,"electric shaver, electric razor shaving",driving snowmobile
-AMsYmKRnWE_000008,wood thrush calling,playing flute,people whistling,playing shofar,train whistling,whale calling,elk bugling,elephant trumpeting,dog howling,coyote howling,"vehicle horn, car horn, honking"
-By6I234TSs_000010,playing synthesizer,playing electronic organ,playing hammond organ,playing theremin,playing accordion,playing flute,playing clarinet,playing saxophone,reversing beeps,playing harpsichord,playing bagpipes
-ByoSbgzr4M_000000,playing electric guitar,playing acoustic guitar,playing ukulele,"playing steel guitar, slide guitar",playing banjo,playing harp,playing mandolin,playing sitar,playing bass guitar,playing zither,playing piano
-E5o64ACjm0_000017,lathe spinning,bathroom ventilation fan running,running electric fan,air conditioning noise,hair dryer drying,vacuum cleaner cleaning floors,"electric shaver, electric razor shaving",cutting hair with electric trimmers,eletric blender running,car engine idling,lawn mowing
-JUBdOr8Hes_000030,playing accordion,playing harmonica,playing electronic organ,playing synthesizer,playing clarinet,playing flute,playing saxophone,playing trumpet,playing trombone,playing oboe,playing bassoon
-K1BRF6qng8_000030,female singing,male singing,child singing,yodelling,people humming,playing flute,playing saxophone,"playing violin, fiddle",playing cello,playing trumpet,playing clarinet
-Lmibx_Iu_E_000173,tractor digging,air conditioning noise,bathroom ventilation fan running,hair dryer drying,vacuum cleaner cleaning floors,running electric fan,lawn mowing,car engine idling,helicopter,eletric blender running,cutting hair with electric trimmers
-LxtesAXWIU_000032,sea waves,wind noise,raining,waterfall burbling,stream burbling,air conditioning noise,vacuum cleaner cleaning floors,hair dryer drying,bathroom ventilation fan running,running electric fan,tornado roaring
-OVb-UG8yJw_000030,airplane,air conditioning noise,bathroom ventilation fan running,hair dryer drying,running electric fan,vacuum cleaner cleaning floors,lawn mowing,car engine idling,eletric blender running,helicopter,cutting hair with electric trimmers
-Wsuo4VDwfE_000030,chopping wood,golf driving,striking pool,playing darts,door slamming,hammering nails,playing tennis,playing badminton,basketball bounce,cupboard opening or closing,bowling impact
-YfaQljuwwA_000030,horse clip-clop,tap dancing,chopping wood,hammering nails,woodpecker pecking tree,playing castanets,typing on typewriter,people finger snapping,playing table tennis,playing badminton,mouse clicking
-ct58kOlLfs_000030,"motorboat, speedboat acceleration",driving motorcycle,driving snowmobile,"race car, auto racing",airplane,helicopter,lawn mowing,car engine idling,vacuum cleaner cleaning floors,hair dryer drying,running electric fan
-gSfPQqi6nI_000030,cat meowing,dog howling,coyote howling,cattle mooing,sheep bleating,goat bleating,"donkey, ass braying",horse neighing,chicken crowing,goose honking,lions roaring
-kWlE2dkoxc_000170,vacuum cleaner cleaning floors,hair dryer drying,running electric fan,bathroom ventilation fan running,air conditioning noise,eletric blender running,"electric shaver, electric razor shaving",cutting hair with electric trimmers,car engine idling,lawn mowing,wind noise
-mN5Uo1_TRI_000100,"male speech, man speaking","female speech, woman speaking","child speech, kid speaking",people whispering,police radio chatter,baby babbling,people babbling,rapping,yodelling,male singing,female singing
-ocADGlyaHc_000030,helicopter,air conditioning noise,bathroom ventilation fan running,running electric fan,hair dryer drying,vacuum cleaner cleaning floors,car engine idling,lawn mowing,eletric blender running,wind noise,sea waves
-r3nM90RCNs_000161,sharpen knife,reversing beeps,metronome,smoke detector beeping,horse clip-clop,"heart sounds, heartbeat",car engine knocking,bouncing on trampoline,rope skipping,"rowboat, canoe, kayak rowing",people marching
-tptsFSnu60_000235,hair dryer drying,vacuum cleaner cleaning floors,running electric fan,air conditioning noise,bathroom ventilation fan running,eletric blender running,lawn mowing,"electric shaver, electric razor shaving",cutting hair with electric trimmers,wind noise,helicopter
-u-40BIU1HE_000003,cat growling,dog growling,lions growling,otter growling,cat caterwauling,cattle mooing,cow lowing,sheep bleating,goat bleating,"donkey, ass braying",horse neighing
-u-40BIU1HE_000014,cat hissing,snake hissing,"alligators, crocodiles hissing",cat growling,dog growling,lions growling,cat caterwauling,sheep bleating,goat bleating,cow lowing,cattle mooing
-vZ-_4oFCzs_000017,cat meowing,sheep bleating,cattle mooing,goat bleating,coyote howling,"donkey, ass braying",dog howling,chicken crowing,dog whimpering,duck quacking,goose honking
-xQbyezhw_k_000040,hair dryer drying,vacuum cleaner cleaning floors,running electric fan,air conditioning noise,bathroom ventilation fan running,"electric shaver, electric razor shaving",cutting hair with electric trimmers,eletric blender running,lawn mowing,wind noise,helicopter
-yicwYUKKuo_000304,helicopter,air conditioning noise,bathroom ventilation fan running,hair dryer drying,vacuum cleaner cleaning floors,running electric fan,lawn mowing,car engine idling,wind noise,eletric blender running,"electric shaver, electric razor shaving"
-zI7FN8cMIE_000130,"vehicle horn, car horn, honking",air horn,train horning,foghorn,goose honking,"donkey, ass braying",cat meowing,dog barking,sheep bleating,goat bleating,cow lowing
-zgGL2o1jqw_000080,toilet flushing,sloshing water,splashing water,spraying water,people gargling,people nose blowing,car passing by,airplane flyby,dog howling,elephant trumpeting,thunder
04QV0Xi5YTk_000030,playing zither,playing acoustic guitar,playing ukulele,playing banjo,playing mandolin,playing harp,playing sitar,playing electric guitar,playing bass guitar,"playing steel guitar, slide guitar",playing harpsichord
052VMqTM4Xs_000000,"donkey, ass braying",zebra braying,penguins braying,sheep bleating,goat bleating,reversing beeps,smoke detector beeping,crow cawing,cattle mooing,alarm clock ringing,pumping water
05GsUEyThd8_000013,parrot talking,duck quacking,pig oinking,sheep bleating,goat bleating,chicken clucking,dog barking,baby babbling,frog croaking,mouse squeaking,cat meowing
07FxCXxknY4_000030,playing acoustic guitar,playing electric guitar,playing ukulele,playing banjo,playing mandolin,playing bass guitar,"playing steel guitar, slide guitar",playing harp,playing sitar,playing zither,playing piano
0B7fwvTtvLM_000000,basketball bounce,playing tennis,playing table tennis,playing squash,playing badminton,playing volleyball,hammering nails,woodpecker pecking tree,playing castanets,people finger snapping,mouse clicking
0Cu33yBwAPg_000060,church bell ringing,alarm clock ringing,telephone bell ringing,"cattle, bovinae cowbell",wind chime,playing glockenspiel,playing vibraphone,"playing marimba, xylophone",playing gong,playing tuning fork,singing bowl
0Iy18mslB4A_000170,playing flute,playing clarinet,playing oboe,playing saxophone,playing trumpet,playing trombone,"playing violin, fiddle",playing cello,playing accordion,playing bagpipes,playing harmonica
0JkiTl-4B5E_000017,playing oboe,playing clarinet,playing bassoon,playing flute,playing saxophone,playing trumpet,playing trombone,playing french horn,playing accordion,playing harmonica,playing bagpipes
0QSPtpp1HN8_000030,playing electronic organ,playing hammond organ,playing synthesizer,playing accordion,playing flute,playing clarinet,playing saxophone,playing harmonica,playing cello,playing trumpet,"playing violin, fiddle"
0W_wPc-zV3I_000101,hedge trimmer running,lawn mowing,chainsawing trees,"electric shaver, electric razor shaving",hair dryer drying,vacuum cleaner cleaning floors,eletric blender running,running electric fan,bathroom ventilation fan running,air conditioning noise,car engine idling
0aJZPu-3anY_000022,plastic bottle crushing,dog barking,duck quacking,pig oinking,sheep bleating,goat bleating,people coughing,people hiccup,frog croaking,chicken clucking,chopping food
0d6YdyxkXzQ_000815,ripping paper,plastic bottle crushing,disc scratching,writing on blackboard with chalk,people eating crisps,dog whimpering,cat meowing,pig oinking,sheep bleating,goat bleating,baby crying
0nib7bMm8BA_000015,canary calling,chipmunk chirping,mouse squeaking,frog croaking,chicken clucking,duck quacking,pig oinking,dog barking,baby laughter,turkey gobbling,people coughing
0olhNr566Z0_000018,playing trumpet,playing trombone,playing cornet,playing bugle,playing french horn,playing saxophone,playing clarinet,playing flute,playing oboe,playing bassoon,playing accordion
0slFEpnTKkY_000115,"playing steel guitar, slide guitar",playing acoustic guitar,playing electric guitar,playing ukulele,playing banjo,playing mandolin,playing harp,playing zither,playing sitar,playing steelpan,playing vibraphone
0u5dddSWuj8_000030,playing bagpipes,playing didgeridoo,playing accordion,playing theremin,playing electronic organ,playing synthesizer,air conditioning noise,vacuum cleaner cleaning floors,hair dryer drying,running electric fan,bathroom ventilation fan running
10Y5oGN2J30_000142,footsteps on snow,people marching,people running,horse clip-clop,metronome,rope skipping,"heart sounds, heartbeat",reversing beeps,bouncing on trampoline,"rowboat, canoe, kayak rowing",smoke detector beeping
10aBef0Ghkc_000040,playing piano,playing harpsichord,playing acoustic guitar,playing electric guitar,playing ukulele,playing banjo,playing mandolin,playing harp,playing zither,playing sitar,"playing marimba, xylophone"
12Sd9Aap5ww_000251,running electric fan,bathroom ventilation fan running,air conditioning noise,hair dryer drying,vacuum cleaner cleaning floors,eletric blender running,"electric shaver, electric razor shaving",cutting hair with electric trimmers,car engine idling,cat purring,wind noise
12eRdXA6Iig_000077,"electric shaver, electric razor shaving",cutting hair with electric trimmers,hair dryer drying,vacuum cleaner cleaning floors,running electric fan,bathroom ventilation fan running,air conditioning noise,eletric blender running,"bee, wasp, etc. buzzing",lawn mowing,car engine idling
190Zx0wVrhQ_000003,cat hissing,snake hissing,"alligators, crocodiles hissing",cat growling,dog growling,lions growling,sheep bleating,dog barking,cat meowing,people sneezing,cat caterwauling
1DrrBnFlylU_000000,lip smacking,people hiccup,people coughing,people sneezing,people burping,people farting,dog barking,pig oinking,duck quacking,turkey gobbling,chicken clucking
1FnA3w94zXI_000030,playing electric guitar,playing theremin,playing didgeridoo,air conditioning noise,vacuum cleaner cleaning floors,hair dryer drying,running electric fan,bathroom ventilation fan running,wind noise,waterfall burbling,car engine idling
1K1hxgzudsM_000047,sea waves,wind noise,raining,waterfall burbling,stream burbling,air conditioning noise,bathroom ventilation fan running,hair dryer drying,vacuum cleaner cleaning floors,running electric fan,tornado roaring
1SJFTbu1abo_000042,canary calling,chipmunk chirping,mouse squeaking,frog croaking,chicken clucking,duck quacking,pig oinking,dog barking,baby laughter,turkey gobbling,people coughing
1TJrceFMGrU_000114,tractor digging,car engine idling,lawn mowing,air conditioning noise,bathroom ventilation fan running,running electric fan,vacuum cleaner cleaning floors,hair dryer drying,eletric blender running,cutting hair with electric trimmers,"electric shaver, electric razor shaving"
1YWeSXAXwQE_000030,people burping,people farting,people gargling,people screaming,people humming,dog howling,lions roaring,"donkey, ass braying",elephant trumpeting,cat caterwauling,baby crying
1aDnyPubxdY_000118,baby crying,people sobbing,baby laughter,dog whimpering,cat caterwauling,"donkey, ass braying",sheep bleating,goat bleating,cattle mooing,dog howling,people giggling
1aexyJH0jU8_000002,blowtorch igniting,air conditioning noise,bathroom ventilation fan running,hair dryer drying,vacuum cleaner cleaning floors,running electric fan,wind noise,waterfall burbling,eletric blender running,"electric shaver, electric razor shaving",cutting hair with electric trimmers
1hKSlZZ5T50_000002,chopping wood,hammering nails,playing darts,striking pool,golf driving,door slamming,cupboard opening or closing,opening or closing car doors,shot football,chopping food,mouse clicking
1iP-Y7FDMys_000070,lathe spinning,hair dryer drying,vacuum cleaner cleaning floors,eletric blender running,"electric shaver, electric razor shaving",cutting hair with electric trimmers,bathroom ventilation fan running,running electric fan,air conditioning noise,lawn mowing,car engine idling
1ib1pd6mHoE_000001,eletric blender running,hair dryer drying,vacuum cleaner cleaning floors,"electric shaver, electric razor shaving",cutting hair with electric trimmers,lawn mowing,running electric fan,bathroom ventilation fan running,air conditioning noise,electric grinder grinding,car engine idling
1rpJo68d5Qw_000052,plastic bottle crushing,people eating crisps,popping popcorn,ice cracking,typing on computer keyboard,chopping food,footsteps on snow,ripping paper,fire crackling,tap dancing,writing on blackboard with chalk
1sukRxLM77w_000021,lawn mowing,hedge trimmer running,chainsawing trees,hair dryer drying,vacuum cleaner cleaning floors,running electric fan,bathroom ventilation fan running,cutting hair with electric trimmers,"electric shaver, electric razor shaving",eletric blender running,driving snowmobile
1u1orBeV4xI_000428,ripping paper,cat meowing,cattle mooing,sheep bleating,goat bleating,lions roaring,"donkey, ass braying",horse neighing,coyote howling,elephant trumpeting,dog howling
1uIfP9ipzxY_000058,playing table tennis,playing badminton,playing tennis,playing squash,basketball bounce,playing volleyball,striking pool,mouse clicking,people finger snapping,hammering nails,typing on typewriter
1yWGmdevTuM_000030,playing didgeridoo,playing bagpipes,playing theremin,air conditioning noise,bathroom ventilation fan running,hair dryer drying,vacuum cleaner cleaning floors,running electric fan,car engine idling,cat purring,wind noise
20qZLse0acs_000030,dog barking,chicken clucking,duck quacking,pig oinking,frog croaking,sheep bleating,goat bleating,turkey gobbling,mouse squeaking,baby laughter,people coughing
23xC7lTBikU_000020,playing didgeridoo,playing bagpipes,playing theremin,air conditioning noise,bathroom ventilation fan running,hair dryer drying,vacuum cleaner cleaning floors,running electric fan,car engine idling,wind noise,"electric shaver, electric razor shaving"
24tWz7gmngI_000030,typing on computer keyboard,typing on typewriter,mouse clicking,playing castanets,woodpecker pecking tree,hammering nails,chopping wood,playing table tennis,people finger snapping,playing darts,chopping food
253aGgk7NSE_000010,playing trumpet,playing cornet,playing bugle,playing trombone,playing french horn,playing saxophone,playing clarinet,playing oboe,playing bassoon,playing flute,playing shofar
26oZCMP4Kqo_000131,parrot talking,duck quacking,pig oinking,sheep bleating,goat bleating,chicken clucking,dog barking,baby babbling,frog croaking,mouse squeaking,cat meowing
2NESqWU89V0_000338,"playing violin, fiddle",playing cello,playing double bass,playing erhu,playing flute,playing clarinet,playing saxophone,playing oboe,playing bassoon,playing trumpet,playing trombone
2Pl5B1Tpn1U_000024,electric grinder grinding,eletric blender running,"electric shaver, electric razor shaving",cutting hair with electric trimmers,hair dryer drying,vacuum cleaner cleaning floors,running electric fan,bathroom ventilation fan running,air conditioning noise,hedge trimmer running,lathe spinning
2VFVe0RCn7g_000010,playing electric guitar,playing acoustic guitar,playing ukulele,"playing steel guitar, slide guitar",playing banjo,playing harp,playing mandolin,playing sitar,playing bass guitar,playing zither,playing piano
2Wk4Y3_dMuc_000440,opening or closing drawers,cupboard opening or closing,sliding door,opening or closing car doors,ripping paper,toilet flushing,car engine starting,blowtorch igniting,strike lighter,people nose blowing,people gargling
2XOTejBfF2g_000404,chopping wood,hammering nails,playing castanets,playing badminton,playing tennis,playing squash,typing on typewriter,people finger snapping,striking pool,basketball bounce,golf driving
2XQzahrQ_tE_000025,sea waves,wind noise,raining,waterfall burbling,stream burbling,air conditioning noise,bathroom ventilation fan running,hair dryer drying,vacuum cleaner cleaning floors,running electric fan,tornado roaring
2XQzahrQ_tE_000075,sea waves,ocean burbling,waterfall burbling,stream burbling,raining,wind noise,tornado roaring,air conditioning noise,bathroom ventilation fan running,hair dryer drying,running electric fan
2ZogsGp-T4o_000040,playing mandolin,playing acoustic guitar,playing banjo,playing ukulele,playing electric guitar,"playing steel guitar, slide guitar",playing harp,playing sitar,playing zither,"playing marimba, xylophone",playing glockenspiel
2cEM6Hu90v0_000038,playing erhu,"playing violin, fiddle",playing cello,playing double bass,playing saxophone,playing clarinet,playing flute,playing trombone,playing trumpet,playing accordion,playing bagpipes
2es7oZzwLWM_000030,playing zither,playing acoustic guitar,playing electric guitar,playing ukulele,playing banjo,playing mandolin,playing harp,playing sitar,playing bass guitar,"playing steel guitar, slide guitar",playing harpsichord
2kQCMxf0onU_000036,cat caterwauling,elephant trumpeting,elk bugling,dog howling,coyote howling,train whistling,"vehicle horn, car horn, honking",air horn,foghorn,whale calling,playing shofar
2kdJKmgMcxU_000000,cattle mooing,elephant trumpeting,"donkey, ass braying",goat bleating,sheep bleating,elk bugling,dog howling,coyote howling,goose honking,air horn,foghorn
2y7aiiaJPf8_000240,sloshing water,splashing water,squishing water,stream burbling,waterfall burbling,ocean burbling,underwater bubbling,raining,spraying water,swimming,scuba diving
2zOU0NeMv7M_000095,ripping paper,cat meowing,dog howling,sheep bleating,goat bleating,cow lowing,"donkey, ass braying",crow cawing,owl hooting,sliding door,opening or closing drawers
3-PFuDkTM48_000080,playing accordion,playing electronic organ,playing hammond organ,playing synthesizer,playing harmonica,playing bagpipes,playing clarinet,playing saxophone,playing flute,playing trombone,playing trumpet
31GOxPXDNkk_000068,playing erhu,"playing violin, fiddle",playing cello,playing double bass,playing flute,playing clarinet,playing saxophone,playing trumpet,playing trombone,playing oboe,playing theremin
3B18wwoSCQ0_000055,rope skipping,bouncing on trampoline,horse clip-clop,people marching,"heart sounds, heartbeat",metronome,tap dancing,basketball bounce,people clapping,playing badminton,playing table tennis
3ClbaJYWVO4_000030,playing electric guitar,playing acoustic guitar,playing ukulele,playing bass guitar,"playing steel guitar, slide guitar",playing mandolin,playing banjo,playing harp,playing zither,playing sitar,playing piano
3F9Qszr4j1Q_000030,playing flute,playing clarinet,playing saxophone,playing oboe,playing bassoon,playing trumpet,playing trombone,playing french horn,playing accordion,"playing violin, fiddle",playing cello
3GtKbvwaycY_000025,playing bassoon,playing oboe,playing clarinet,playing saxophone,playing flute,playing trombone,playing trumpet,playing french horn,playing cello,"playing violin, fiddle",playing double bass
3GtKbvwaycY_000037,playing bassoon,playing oboe,playing clarinet,playing saxophone,playing flute,playing trombone,playing trumpet,playing french horn,playing cello,"playing violin, fiddle",playing accordion
3GtvLj8K1F4_000140,playing harmonica,playing accordion,playing bagpipes,playing clarinet,playing saxophone,playing flute,playing trumpet,playing trombone,playing oboe,playing bassoon,playing french horn
3LtXT2KVI-c_000030,cat caterwauling,elephant trumpeting,elk bugling,dog howling,coyote howling,train whistling,"vehicle horn, car horn, honking",air horn,foghorn,whale calling,playing shofar
3RfBwL7tXuk_000188,popping popcorn,lighting firecrackers,fireworks banging,cap gun shooting,woodpecker pecking tree,typing on typewriter,playing castanets,hammering nails,mouse clicking,people finger snapping,typing on computer keyboard
3VKBHfRhMa4_000021,sliding door,opening or closing drawers,cupboard opening or closing,opening or closing car electric windows,toilet flushing,car engine starting,car passing by,airplane flyby,dog howling,cow lowing,missile launch
3VfSV1vJydw_000191,playing mandolin,playing acoustic guitar,playing banjo,playing ukulele,playing electric guitar,playing bass guitar,"playing steel guitar, slide guitar",playing harp,playing sitar,playing zither,playing harpsichord
3_mv3UWGkt0_000011,playing piano,playing acoustic guitar,playing electric guitar,playing ukulele,playing harp,playing mandolin,playing banjo,playing harpsichord,playing glockenspiel,playing vibraphone,"playing marimba, xylophone"
3gjFMkV2ucY_000030,playing accordion,playing harmonica,playing electronic organ,playing hammond organ,playing synthesizer,playing bagpipes,playing clarinet,playing saxophone,playing flute,playing trumpet,playing trombone
3mCWARDySc8_000059,"playing violin, fiddle",playing cello,playing double bass,playing erhu,playing flute,playing clarinet,playing saxophone,playing oboe,playing bassoon,playing accordion,playing bagpipes
3oGWyWYbFyk_000006,elk bugling,coyote howling,dog howling,gibbon howling,"donkey, ass braying",elephant trumpeting,horse neighing,cattle mooing,cow lowing,lions roaring,cat caterwauling
3sDUymEIwJw_000029,eletric blender running,hair dryer drying,vacuum cleaner cleaning floors,"electric shaver, electric razor shaving",cutting hair with electric trimmers,lawn mowing,running electric fan,bathroom ventilation fan running,air conditioning noise,electric grinder grinding,car engine idling
3vp3XshIuSI_000017,playing bassoon,playing clarinet,playing oboe,playing saxophone,playing flute,playing trumpet,playing trombone,playing french horn,playing cello,"playing violin, fiddle",playing accordion
3vp3XshIuSI_000189,playing bassoon,playing clarinet,playing oboe,playing flute,playing saxophone,playing trumpet,playing trombone,playing french horn,playing cello,"playing violin, fiddle",playing double bass
3vpG1PgFF34_000030,playing harpsichord,playing piano,playing acoustic guitar,playing harp,playing ukulele,playing banjo,playing mandolin,playing zither,playing sitar,playing glockenspiel,"playing marimba, xylophone"
42vB40Fkdis_000076,airplane,air conditioning noise,bathroom ventilation fan running,hair dryer drying,running electric fan,vacuum cleaner cleaning floors,lawn mowing,car engine idling,eletric blender running,helicopter,cutting hair with electric trimmers
461QChXkDlA_000029,"female speech, woman speaking","male speech, man speaking","child speech, kid speaking",people whispering,baby babbling,parrot talking,rapping,yodelling,people babbling,police radio chatter,beat boxing
466XkuormNQ_000030,playing harpsichord,playing piano,playing acoustic guitar,playing harp,playing banjo,playing mandolin,playing ukulele,playing sitar,playing zither,playing electric guitar,"playing marimba, xylophone"
49WpWcOnPs4_000200,church bell ringing,telephone bell ringing,alarm clock ringing,"cattle, bovinae cowbell",playing gong,playing tuning fork,singing bowl,playing glockenspiel,playing vibraphone,playing steelpan,playing cymbal
4AHAeGLIrBc_000030,playing bagpipes,playing didgeridoo,playing theremin,air conditioning noise,bathroom ventilation fan running,hair dryer drying,vacuum cleaner cleaning floors,running electric fan,car engine idling,wind noise,cat purring
4DKN1qAMQig_000021,lathe spinning,bathroom ventilation fan running,hair dryer drying,running electric fan,air conditioning noise,vacuum cleaner cleaning floors,eletric blender running,cutting hair with electric trimmers,"electric shaver, electric razor shaving",lawn mowing,car engine idling
4HQuCx9RyC4_000070,lathe spinning,hair dryer drying,vacuum cleaner cleaning floors,eletric blender running,"electric shaver, electric razor shaving",cutting hair with electric trimmers,bathroom ventilation fan running,running electric fan,air conditioning noise,lawn mowing,car engine idling
4L9KyVVsQOc_000030,playing electric guitar,"playing violin, fiddle",playing cello,playing saxophone,playing flute,playing clarinet,playing trumpet,playing trombone,playing harmonica,playing accordion,playing synthesizer
4LwaSleY1Vc_000380,playing drum kit,playing snare drum,metronome,horse clip-clop,playing bongo,playing castanets,playing congas,playing timbales,playing tambourine,"heart sounds, heartbeat",rope skipping
4OCcv5d6xsU_000029,golf driving,door slamming,shot football,striking pool,bowling impact,playing darts,strike lighter,firing cannon,volcano explosion,cupboard opening or closing,bouncing on trampoline
4P518ZMug-U_000115,"male speech, man speaking","female speech, woman speaking","child speech, kid speaking",baby babbling,people whispering,yodelling,male singing,rapping,female singing,cat meowing,dog howling
4PBiWEM8oRE_000049,volcano explosion,thunder,firing cannon,fireworks banging,firing muskets,cap gun shooting,door slamming,dog barking,duck quacking,people coughing,people sneezing
4Psj5jYa7a4_000020,playing didgeridoo,playing bagpipes,playing theremin,air conditioning noise,hair dryer drying,vacuum cleaner cleaning floors,running electric fan,bathroom ventilation fan running,car engine idling,cat purring,waterfall burbling
4XZ9Z_3BnDU_000214,electric grinder grinding,hair dryer drying,vacuum cleaner cleaning floors,running electric fan,air conditioning noise,bathroom ventilation fan running,eletric blender running,"electric shaver, electric razor shaving",cutting hair with electric trimmers,lawn mowing,lathe spinning
4_6e0icNw7Q_000182,disc scratching,beat boxing,rapping,lip smacking,people coughing,dog barking,duck quacking,pig oinking,chicken clucking,frog croaking,goat bleating
4__iwk9Z4_0_000000,playing piano,playing acoustic guitar,playing electric guitar,playing ukulele,playing harp,playing cello,playing double bass,playing glockenspiel,playing vibraphone,playing gong,church bell ringing
4ezrR2ufaB0_000002,ice cracking,plastic bottle crushing,chopping wood,hammering nails,woodpecker pecking tree,playing castanets,mouse clicking,people finger snapping,typing on typewriter,striking pool,playing table tennis
4i9DgH80kDg_000030,playing banjo,playing mandolin,playing acoustic guitar,playing ukulele,playing sitar,playing harp,playing zither,playing electric guitar,"playing steel guitar, slide guitar",playing harpsichord,playing piano
4ooEeN51qdQ_000093,playing erhu,"playing violin, fiddle",playing cello,playing double bass,playing theremin,playing bagpipes,playing accordion,playing synthesizer,playing flute,playing saxophone,playing clarinet
4uTU0OXWUHM_000089,lathe spinning,hair dryer drying,vacuum cleaner cleaning floors,eletric blender running,"electric shaver, electric razor shaving",cutting hair with electric trimmers,blowtorch igniting,toilet flushing,airplane flyby,car passing by,dog howling
4vsI0Kwn8jY_000030,playing mandolin,playing banjo,playing acoustic guitar,playing ukulele,playing electric guitar,playing sitar,playing zither,playing harp,playing harpsichord,playing piano,"playing marimba, xylophone"
53UdZyM9MyE_000252,ripping paper,plastic bottle crushing,chopping food,dog barking,duck quacking,sheep bleating,goat bleating,people coughing,chicken clucking,pig oinking,people burping
55L7peYRB_Q_000120,using sewing machines,cutting hair with electric trimmers,printer printing,"electric shaver, electric razor shaving",chainsawing trees,eletric blender running,"engine accelerating, revving, vroom",hair dryer drying,vacuum cleaner cleaning floors,hedge trimmer running,dog howling
55z-Cp00-O4_000045,arc welding,fire crackling,raining,hail,waterfall burbling,stream burbling,underwater bubbling,"bee, wasp, etc. buzzing","fly, housefly buzzing",mosquito buzzing,wind rustling leaves
573QotnRHDY_000030,playing zither,playing acoustic guitar,playing ukulele,playing electric guitar,playing banjo,playing mandolin,playing harp,playing sitar,playing piano,playing glockenspiel,playing vibraphone
5JaMY3ZmbXM_000188,tractor digging,lawn mowing,vacuum cleaner cleaning floors,hair dryer drying,air conditioning noise,bathroom ventilation fan running,running electric fan,eletric blender running,"electric shaver, electric razor shaving",cutting hair with electric trimmers,car engine idling
5PhDkTZcLFE_000147,mynah bird singing,people whistling,playing flute,playing clarinet,playing oboe,playing harmonica,"playing violin, fiddle",playing theremin,child singing,people humming,yodelling
5aEBWi9H0rg_000460,church bell ringing,"cattle, bovinae cowbell",playing glockenspiel,playing vibraphone,alarm clock ringing,telephone bell ringing,playing gong,"playing marimba, xylophone",playing cymbal,playing tuning fork,singing bowl
5bSfEeWEtUg_000028,beat boxing,metronome,reversing beeps,"heart sounds, heartbeat",smoke detector beeping,bouncing on trampoline,rope skipping,horse clip-clop,playing bongo,playing congas,playing djembe
5gsfdVBThoI_000111,playing drum kit,playing snare drum,metronome,horse clip-clop,playing bongo,playing castanets,playing congas,playing timbales,playing tambourine,"heart sounds, heartbeat",rope skipping
5gsfdVBThoI_000203,playing bass drum,playing timpani,playing bongo,playing congas,playing djembe,playing drum kit,playing tabla,playing timbales,basketball bounce,bouncing on trampoline,dog barking
5hFnrhyWv3c_000027,hedge trimmer running,lawn mowing,chainsawing trees,"electric shaver, electric razor shaving",hair dryer drying,vacuum cleaner cleaning floors,eletric blender running,air conditioning noise,bathroom ventilation fan running,running electric fan,car engine idling
5jZ91X-828c_000170,footsteps on snow,people marching,horse clip-clop,people running,tap dancing,metronome,"heart sounds, heartbeat",reversing beeps,rope skipping,bouncing on trampoline,"rowboat, canoe, kayak rowing"
5oPlF8LSdmg_000094,chainsawing trees,hedge trimmer running,cutting hair with electric trimmers,"electric shaver, electric razor shaving",eletric blender running,hair dryer drying,"engine accelerating, revving, vroom",lawn mowing,vacuum cleaner cleaning floors,driving motorcycle,driving snowmobile
5uRkBz98fCk_000024,wind chime,"cattle, bovinae cowbell",playing glockenspiel,playing vibraphone,"playing marimba, xylophone",playing cymbal,church bell ringing,playing harp,playing acoustic guitar,playing ukulele,playing banjo
5uanE7YxW0E_000000,"donkey, ass braying",zebra braying,penguins braying,dog howling,coyote howling,gibbon howling,elk bugling,elephant trumpeting,cattle mooing,goat bleating,sheep bleating
5xVe-bGbbYA_000045,playing erhu,"playing violin, fiddle",playing cello,playing double bass,playing theremin,playing bagpipes,playing didgeridoo,playing accordion,playing flute,playing saxophone,playing clarinet
5yLw_p9YcQE_000040,playing drum kit,playing snare drum,metronome,horse clip-clop,playing bongo,playing castanets,playing congas,playing timbales,playing tambourine,"heart sounds, heartbeat",rope skipping
6-yQsEH2WYA_000030,"male speech, man speaking","female speech, woman speaking","child speech, kid speaking",baby babbling,people whispering,yodelling,male singing,rapping,female singing,cat meowing,dog howling
63Wmu5s4e88_000162,tractor digging,car engine idling,lawn mowing,vacuum cleaner cleaning floors,hair dryer drying,air conditioning noise,bathroom ventilation fan running,running electric fan,eletric blender running,"electric shaver, electric razor shaving",cutting hair with electric trimmers
63jRsQ-gPZM_000020,eletric blender running,hair dryer drying,"electric shaver, electric razor shaving",cutting hair with electric trimmers,vacuum cleaner cleaning floors,using sewing machines,electric grinder grinding,hedge trimmer running,chainsawing trees,lawn mowing,bathroom ventilation fan running
67GZuUxV27w_000030,chicken crowing,pheasant crowing,"donkey, ass braying",elk bugling,coyote howling,dog howling,cattle mooing,goat bleating,sheep bleating,goose honking,elephant trumpeting
67rx_-m3NaE_000153,forging swords,"cattle, bovinae cowbell",church bell ringing,playing glockenspiel,playing vibraphone,playing gong,playing tuning fork,wind chime,playing acoustic guitar,playing banjo,playing harp
6BCoBGdvyiQ_000162,missile launch,airplane flyby,car passing by,tornado roaring,blowtorch igniting,foghorn,air horn,toilet flushing,skidding,volcano explosion,train whistling
6DwlcJyDyxc_000290,playing drum kit,playing snare drum,playing bongo,playing congas,playing timbales,playing tambourine,playing castanets,metronome,horse clip-clop,tap dancing,basketball bounce
6EIgJvYx4AE_000551,playing oboe,playing clarinet,playing flute,playing bassoon,playing saxophone,playing french horn,playing trumpet,playing trombone,playing cornet,playing bugle,playing harmonica
6NmB-R4eb2I_000013,chopping wood,chopping food,hammering nails,woodpecker pecking tree,playing castanets,typing on typewriter,people clapping,playing table tennis,playing badminton,playing tennis,basketball bounce
6OQicO6A-io_000000,"donkey, ass braying",zebra braying,penguins braying,elk bugling,coyote howling,gibbon howling,dog howling,elephant trumpeting,lions roaring,cattle mooing,goat bleating
6P6z2S6XLIs_000264,airplane,air conditioning noise,bathroom ventilation fan running,hair dryer drying,running electric fan,vacuum cleaner cleaning floors,lawn mowing,car engine idling,eletric blender running,helicopter,cutting hair with electric trimmers
6RDnl3NFgsY_000054,"male speech, man speaking","female speech, woman speaking","child speech, kid speaking",people whispering,baby babbling,rapping,male singing,female singing,people humming,police radio chatter,yodelling
6VBURvUgzls_000030,printer printing,reversing beeps,smoke detector beeping,cell phone buzzing,"heart sounds, heartbeat",bouncing on trampoline,rope skipping,horse clip-clop,metronome,using sewing machines,people marching
6Yk15FbL2yw_000081,playing drum kit,playing snare drum,playing bongo,metronome,horse clip-clop,"heart sounds, heartbeat",playing tambourine,basketball bounce,rope skipping,playing castanets,people finger snapping
6_cb0olNqDk_000038,chopping wood,chopping food,hammering nails,metronome,woodpecker pecking tree,basketball bounce,people clapping,playing table tennis,people finger snapping,playing castanets,typing on typewriter
6_zzu2KON6c_000080,playing electric guitar,playing acoustic guitar,playing ukulele,playing bass guitar,"playing steel guitar, slide guitar",playing mandolin,playing banjo,playing harp,playing zither,playing sitar,playing piano
6ayVxYbKBe0_000030,playing electric guitar,playing synthesizer,playing theremin,playing hammond organ,playing electronic organ,playing bagpipes,playing didgeridoo,playing accordion,singing bowl,"playing violin, fiddle",playing cello
6azSzS5ZjN0_000051,disc scratching,playing guiro,playing washboard,metronome,reversing beeps,smoke detector beeping,"heart sounds, heartbeat",horse clip-clop,people marching,playing castanets,tap dancing
6dFdcTWdues_000400,playing electric guitar,"playing steel guitar, slide guitar","playing violin, fiddle",playing cello,playing double bass,playing flute,playing clarinet,playing saxophone,playing trumpet,playing trombone,playing harmonica
6dwkWDQSjkA_000057,francolin calling,duck quacking,crow cawing,cuckoo bird calling,reversing beeps,goose honking,metronome,smoke detector beeping,turkey gobbling,chicken clucking,"heart sounds, heartbeat"
6iZZQvXNBnI_000009,lions growling,dog growling,cat growling,bull bellowing,cow lowing,"donkey, ass braying",horse neighing,sheep bleating,goat bleating,"alligators, crocodiles hissing",otter growling
6psjy93yoTA_000030,cat caterwauling,elephant trumpeting,elk bugling,dog howling,coyote howling,train whistling,"vehicle horn, car horn, honking",air horn,foghorn,whale calling,playing shofar
6s2pBWctGDM_000006,snake rattling,"bee, wasp, etc. buzzing","fly, housefly buzzing",mosquito buzzing,fire crackling,raining,hail,wind rustling leaves,"electric shaver, electric razor shaving",cutting hair with electric trimmers,cat purring
6teOyKIr-B8_000140,writing on blackboard with chalk,typing on computer keyboard,typing on typewriter,chopping food,footsteps on snow,people eating crisps,dog barking,chicken clucking,pig oinking,duck quacking,eating with cutlery
6ty4Rhu7Y5Q_000014,baby laughter,people giggling,people sniggering,baby babbling,people hiccup,people coughing,dog barking,duck quacking,pig oinking,sheep bleating,people sneezing
6uMAVCznTbA_000480,hair dryer drying,bathroom ventilation fan running,running electric fan,vacuum cleaner cleaning floors,air conditioning noise,eletric blender running,"electric shaver, electric razor shaving",cutting hair with electric trimmers,lawn mowing,car engine idling,wind noise
6vl7eSBL-ag_000090,church bell ringing,"cattle, bovinae cowbell",telephone bell ringing,alarm clock ringing,playing gong,playing glockenspiel,playing vibraphone,singing bowl,playing tuning fork,playing cymbal,wind chime
6wg3GJZk7Q0_000001,cat caterwauling,elephant trumpeting,elk bugling,dog howling,coyote howling,train whistling,"vehicle horn, car horn, honking",air horn,foghorn,whale calling,playing shofar
6xL7BK7WeMU_000001,wind chime,playing glockenspiel,playing vibraphone,"cattle, bovinae cowbell","playing marimba, xylophone",playing harp,playing zither,playing acoustic guitar,playing piano,playing banjo,playing ukulele
6zlMP_kQ_-w_000030,playing harp,playing acoustic guitar,playing ukulele,playing banjo,playing mandolin,playing sitar,playing zither,playing harpsichord,playing piano,playing vibraphone,playing glockenspiel
7-P4s1CBsZo_000243,blowtorch igniting,hair dryer drying,vacuum cleaner cleaning floors,air conditioning noise,bathroom ventilation fan running,running electric fan,eletric blender running,wind noise,waterfall burbling,car engine idling,"electric shaver, electric razor shaving"
72-UFjSlpvM_000314,golf driving,playing tennis,playing badminton,playing squash,playing darts,striking pool,shot football,door slamming,striking bowling,cap gun shooting,people slapping
74RHxEBrxdw_000005,playing guiro,playing washboard,playing castanets,playing tambourine,horse clip-clop,people marching,reversing beeps,"heart sounds, heartbeat",rope skipping,playing bongo,chopping food
75AjL_RBmfA_000059,civil defense siren,foghorn,air horn,train whistling,train horning,ambulance siren,running electric fan,air conditioning noise,fire truck siren,bathroom ventilation fan running,police car (siren)
7Hjc-4a_3t4_000493,mouse clicking,typing on computer keyboard,typing on typewriter,playing castanets,woodpecker pecking tree,people finger snapping,hammering nails,playing table tennis,playing badminton,playing darts,basketball bounce
7Hjc-4a_3t4_000504,mouse clicking,typing on computer keyboard,typing on typewriter,playing castanets,hammering nails,woodpecker pecking tree,people finger snapping,playing table tennis,playing badminton,playing darts,striking pool
7OqOXtp8_tk_000030,child singing,female singing,male singing,singing choir,yodelling,people humming,rapping,"child speech, kid speaking","female speech, woman speaking","male speech, man speaking",baby babbling
7OuOH15wRhU_000010,magpie calling,chipmunk chirping,mouse squeaking,frog croaking,dog barking,pig oinking,duck quacking,sheep bleating,goat bleating,baby laughter,people coughing
7X4MOknsB80_000000,vacuum cleaner cleaning floors,hair dryer drying,bathroom ventilation fan running,air conditioning noise,running electric fan,eletric blender running,"electric shaver, electric razor shaving",cutting hair with electric trimmers,car engine idling,cat purring,wind noise
7kxpD5UzNpU_000022,"male speech, man speaking","female speech, woman speaking","child speech, kid speaking",people whispering,baby babbling,cat meowing,dog howling,coyote howling,cow lowing,sheep bleating,goat bleating
7rqy1JhY7TU_000030,goat bleating,sheep bleating,cattle mooing,cow lowing,"donkey, ass braying",dog howling,coyote howling,cat caterwauling,goose honking,lions roaring,elk bugling
7s6xFTV74tE_000070,baby babbling,chicken clucking,duck quacking,pig oinking,frog croaking,mouse squeaking,turkey gobbling,dog barking,sheep bleating,goat bleating,people hiccup
7xkj4XqaynU_000002,crow cawing,dog barking,pig oinking,frog croaking,mouse squeaking,chicken clucking,duck quacking,turkey gobbling,sheep bleating,goat bleating,baby laughter
8-viBoPGFCA_000003,playing oboe,playing clarinet,playing flute,playing saxophone,playing trumpet,playing trombone,playing french horn,playing bassoon,"playing violin, fiddle",playing cello,playing accordion
86roBf8WIso_000020,playing oboe,playing clarinet,playing flute,playing bassoon,playing saxophone,playing trumpet,playing trombone,playing french horn,"playing violin, fiddle",playing cello,playing accordion
8FZM56axVms_000081,elk bugling,elephant trumpeting,dog howling,coyote howling,"donkey, ass braying",horse neighing,lions roaring,train whistling,foghorn,air horn,yodelling
8KM-pZ3pz6I_000003,writing on blackboard with chalk,typing on computer keyboard,chopping food,ripping paper,people eating crisps,people coughing,people shuffling,lip smacking,plastic bottle crushing,eating with cutlery,people sneezing
8TCdnr4F6tw_000303,wind chime,playing glockenspiel,playing vibraphone,"playing marimba, xylophone","cattle, bovinae cowbell",church bell ringing,playing acoustic guitar,playing harp,playing banjo,playing ukulele,playing steelpan
8TWtLCjUI5I_000000,dog barking,chicken clucking,duck quacking,pig oinking,frog croaking,sheep bleating,goat bleating,turkey gobbling,mouse squeaking,baby laughter,people coughing
8aLFtBwGEJ0_000001,"playing violin, fiddle",playing cello,playing double bass,playing flute,playing clarinet,playing saxophone,playing trumpet,playing trombone,playing oboe,playing accordion,playing bagpipes
8eYlzvOnrVI_000080,playing trombone,playing trumpet,playing french horn,playing saxophone,playing clarinet,playing flute,playing oboe,playing bassoon,playing bugle,playing accordion,playing harmonica
8evHpuXTcgM_000030,typing on typewriter,typing on computer keyboard,mouse clicking,hammering nails,chopping wood,chopping food,playing castanets,woodpecker pecking tree,people clapping,people finger snapping,playing table tennis
8kOQiGtnrOw_000180,vacuum cleaner cleaning floors,hair dryer drying,running electric fan,bathroom ventilation fan running,air conditioning noise,eletric blender running,"electric shaver, electric razor shaving",cutting hair with electric trimmers,lawn mowing,car engine idling,wind noise
8ooVSXeHb94_000030,church bell ringing,"cattle, bovinae cowbell",alarm clock ringing,telephone bell ringing,playing glockenspiel,playing vibraphone,"playing marimba, xylophone",playing cymbal,playing gong,singing bowl,reversing beeps
8xU2s6Y-_a0_000030,playing electronic organ,playing hammond organ,playing synthesizer,playing accordion,playing harmonica,playing flute,playing clarinet,playing saxophone,playing trumpet,"playing violin, fiddle",playing cello
8zuOvjviOvc_000170,"male speech, man speaking","female speech, woman speaking","child speech, kid speaking",baby babbling,people whispering,yodelling,male singing,rapping,female singing,cat meowing,dog howling
9-rrXPvMbro_000076,playing bassoon,playing clarinet,playing oboe,playing flute,playing saxophone,playing trumpet,playing trombone,playing french horn,playing cello,"playing violin, fiddle",playing accordion
9888dOKNSBs_000030,playing electric guitar,playing acoustic guitar,playing bass guitar,playing ukulele,playing banjo,playing mandolin,"playing steel guitar, slide guitar",playing sitar,playing harp,playing piano,"playing marimba, xylophone"
9HcahqYUVoc_000090,chainsawing trees,"engine accelerating, revving, vroom",driving motorcycle,driving snowmobile,hedge trimmer running,electric grinder grinding,eletric blender running,tractor digging,lawn mowing,car engine idling,vacuum cleaner cleaning floors
9HfaCcER3aM_000130,parrot talking,duck quacking,pig oinking,sheep bleating,goat bleating,chicken clucking,dog barking,baby babbling,frog croaking,mouse squeaking,cat meowing
9PmzQI8ZYpg_000030,using sewing machines,cutting hair with electric trimmers,"electric shaver, electric razor shaving","vehicle horn, car horn, honking",train whistling,air horn,baby crying,dog howling,cat meowing,sheep bleating,"donkey, ass braying"
9QEm6u4bowQ_000030,playing electric guitar,playing acoustic guitar,playing bass guitar,playing ukulele,playing banjo,playing mandolin,"playing steel guitar, slide guitar",playing harp,playing sitar,playing zither,playing piano
9QjGgc1UkkU_000044,playing congas,playing bongo,playing djembe,playing tabla,playing timbales,playing drum kit,playing snare drum,playing tambourine,"playing marimba, xylophone",playing timpani,tapping guitar
9QjGgc1UkkU_000105,playing congas,playing bongo,playing djembe,playing tabla,playing timbales,playing drum kit,playing tambourine,"playing marimba, xylophone",playing bass drum,playing snare drum,bouncing on trampoline
9Srnaag2tCo_000079,"playing violin, fiddle",playing cello,playing double bass,playing erhu,playing flute,playing clarinet,playing oboe,playing saxophone,playing trumpet,playing trombone,playing harmonica
9Vj1UPzlrTc_000030,playing harpsichord,playing piano,playing acoustic guitar,playing harp,playing ukulele,playing banjo,playing mandolin,playing zither,playing sitar,playing electric guitar,playing cello
9ao6stS2toU_000003,cat caterwauling,elephant trumpeting,elk bugling,dog howling,coyote howling,train whistling,"vehicle horn, car horn, honking",air horn,foghorn,whale calling,playing shofar
9crt3kBm2Hc_000012,"female speech, woman speaking","male speech, man speaking","child speech, kid speaking",baby babbling,people whispering,rapping,beat boxing,people babbling,police radio chatter,parrot talking,yodelling
9e6oA02wk94_000020,singing bowl,playing didgeridoo,playing theremin,air conditioning noise,bathroom ventilation fan running,running electric fan,hair dryer drying,vacuum cleaner cleaning floors,cat purring,wind noise,car engine idling
9fMBtDjXvcg_000011,blowtorch igniting,hair dryer drying,air conditioning noise,vacuum cleaner cleaning floors,bathroom ventilation fan running,running electric fan,wind noise,eletric blender running,waterfall burbling,"electric shaver, electric razor shaving",cutting hair with electric trimmers
9fS92peHJh0_000002,female singing,male singing,child singing,yodelling,singing choir,people humming,"playing violin, fiddle",playing cello,playing flute,playing clarinet,playing saxophone
9i3NIA1NLeY_000060,playing harpsichord,playing piano,playing acoustic guitar,playing electric guitar,playing ukulele,playing banjo,playing mandolin,playing harp,playing zither,playing sitar,playing glockenspiel
9jVVZ1Y9Alc_000134,ferret dooking,chicken clucking,pig oinking,duck quacking,frog croaking,mouse squeaking,sheep bleating,goat bleating,chinchilla barking,chipmunk chirping,dog whimpering
9kFZhnbKUXo_000030,baby laughter,people giggling,people sniggering,baby babbling,people hiccup,people coughing,dog barking,duck quacking,pig oinking,sheep bleating,people sneezing
9mIDP_OT1uM_000030,playing acoustic guitar,playing ukulele,playing banjo,playing mandolin,playing electric guitar,playing bass guitar,"playing steel guitar, slide guitar",playing harp,playing sitar,playing zither,playing piano
9omaijBLqrg_000060,playing guiro,playing washboard,playing castanets,playing tambourine,playing bongo,playing congas,playing djembe,playing timbales,playing tabla,tapping guitar,typing on typewriter
9q3JJ7Fhvbs_000070,playing electronic organ,playing hammond organ,playing synthesizer,playing accordion,playing flute,playing clarinet,playing saxophone,playing harmonica,playing cello,playing trumpet,"playing violin, fiddle"
9s26XGoKYG0_000250,playing hammond organ,playing electronic organ,playing synthesizer,playing accordion,playing harmonica,playing flute,playing clarinet,playing saxophone,playing trumpet,playing trombone,playing theremin
9xV0nmojVeg_000030,playing acoustic guitar,playing electric guitar,playing ukulele,playing banjo,playing mandolin,playing harp,playing bass guitar,"playing steel guitar, slide guitar",playing zither,playing sitar,playing piano
9ytPHkPCXgA_000050,playing tambourine,playing castanets,playing bongo,playing congas,playing djembe,playing snare drum,playing timbales,playing tabla,tapping guitar,playing washboard,playing guiro
A-OZ4_eEMRo_000150,machine gun shooting,cap gun shooting,hammering nails,woodpecker pecking tree,playing snare drum,playing castanets,typing on typewriter,people clapping,mouse clicking,playing table tennis,chopping wood
A1E-agNyE2U_000172,rope skipping,metronome,horse clip-clop,"heart sounds, heartbeat",people marching,tap dancing,basketball bounce,bouncing on trampoline,people clapping,reversing beeps,smoke detector beeping
A24InXJHgOk_000028,playing trumpet,playing trombone,playing french horn,playing saxophone,playing clarinet,playing flute,playing oboe,playing cornet,playing bassoon,playing bugle,playing accordion
A2PfJsLueeg_000203,playing tuning fork,singing bowl,playing gong,church bell ringing,playing cymbal,playing glockenspiel,playing vibraphone,"cattle, bovinae cowbell",playing timpani,playing tympani,playing harp
A7pW5W-4snM_000150,vacuum cleaner cleaning floors,hair dryer drying,running electric fan,bathroom ventilation fan running,air conditioning noise,eletric blender running,"electric shaver, electric razor shaving",cutting hair with electric trimmers,lawn mowing,hedge trimmer running,car engine idling
ACWNRYsyMGk_000030,people finger snapping,metronome,"heart sounds, heartbeat",rope skipping,bouncing on trampoline,playing castanets,reversing beeps,smoke detector beeping,horse clip-clop,people marching,basketball bounce
AFACjpDiMSQ_000041,chipmunk chirping,metronome,reversing beeps,smoke detector beeping,"heart sounds, heartbeat",cricket chirping,canary calling,"bird chirping, tweeting",warbler chirping,cheetah chirrup,chinchilla barking
AGA3hiGZJCo_000000,helicopter,car engine idling,driving motorcycle,driving snowmobile,lawn mowing,chainsawing trees,car engine knocking,"heart sounds, heartbeat",horse clip-clop,reversing beeps,metronome
AHIV0RMwnN8_000210,tap dancing,playing castanets,typing on typewriter,people clapping,woodpecker pecking tree,hammering nails,playing table tennis,mouse clicking,people finger snapping,chopping food,typing on computer keyboard
AJKmKTU32_c_000030,using sewing machines,eletric blender running,hair dryer drying,vacuum cleaner cleaning floors,cutting hair with electric trimmers,"electric shaver, electric razor shaving",toilet flushing,opening or closing car electric windows,car engine starting,hedge trimmer running,chainsawing trees
AJNOn6GBymE_000030,printer printing,running electric fan,vacuum cleaner cleaning floors,hair dryer drying,air conditioning noise,bathroom ventilation fan running,eletric blender running,"electric shaver, electric razor shaving",cutting hair with electric trimmers,car engine idling,lawn mowing
AJVSqnsBf70_000080,chopping food,chopping wood,hammering nails,typing on computer keyboard,typing on typewriter,mouse clicking,playing table tennis,playing badminton,playing tennis,playing squash,people finger snapping
AJw-x30L46E_000080,playing acoustic guitar,playing electric guitar,playing ukulele,playing banjo,playing mandolin,playing bass guitar,playing sitar,playing harp,playing zither,playing harpsichord,playing piano
AKmkhvb9shk_000000,baltimore oriole calling,chipmunk chirping,mouse squeaking,frog croaking,chicken clucking,duck quacking,pig oinking,dog barking,sheep bleating,goat bleating,people coughing
ALdjQ9kbwd8_000030,playing accordion,playing harmonica,playing bagpipes,playing electronic organ,playing hammond organ,playing synthesizer,playing clarinet,playing saxophone,playing flute,playing oboe,playing bassoon
ATAL-_Dblvg_000000,skateboarding,skidding,sliding door,ripping paper,car passing by,airplane flyby,opening or closing drawers,cupboard opening or closing,opening or closing car doors,sloshing water,squishing water
AY0jDdFbBZQ_000025,using sewing machines,"engine accelerating, revving, vroom",chainsawing trees,"vehicle horn, car horn, honking",air horn,train whistling,dog howling,cattle mooing,baby crying,people screaming,sheep bleating
AhcY8QVSLtM_000050,chainsawing trees,hedge trimmer running,lawn mowing,eletric blender running,cutting hair with electric trimmers,vacuum cleaner cleaning floors,"electric shaver, electric razor shaving",hair dryer drying,"engine accelerating, revving, vroom",driving motorcycle,driving snowmobile
Ahhba-EM4nI_000000,people sneezing,people coughing,people burping,people hiccup,people nose blowing,people farting,dog barking,cat meowing,duck quacking,pig oinking,strike lighter
Aky0DF507fw_000170,playing didgeridoo,playing bagpipes,playing theremin,playing synthesizer,playing hammond organ,air conditioning noise,vacuum cleaner cleaning floors,hair dryer drying,running electric fan,bathroom ventilation fan running,cat purring
AraV2kvytIY_000024,airplane,air conditioning noise,bathroom ventilation fan running,hair dryer drying,running electric fan,vacuum cleaner cleaning floors,lawn mowing,car engine idling,eletric blender running,helicopter,cutting hair with electric trimmers
AtcIhV9GNpQ_000144,chopping wood,hammering nails,playing table tennis,playing badminton,playing tennis,playing squash,basketball bounce,golf driving,striking pool,woodpecker pecking tree,people finger snapping
AuvFmMpgj70_000030,playing didgeridoo,playing bagpipes,playing theremin,air conditioning noise,bathroom ventilation fan running,hair dryer drying,vacuum cleaner cleaning floors,running electric fan,car engine idling,cat purring,eletric blender running
AvHfghF3JUc_000063,playing bassoon,playing clarinet,playing oboe,playing flute,playing saxophone,playing trombone,playing trumpet,playing french horn,playing cello,"playing violin, fiddle",playing double bass
AwUYzbOW5WQ_000006,playing tambourine,metronome,horse clip-clop,people marching,rope skipping,car engine knocking,playing castanets,bouncing on trampoline,"heart sounds, heartbeat",playing washboard,tap dancing
AzY_KZTSXJk_000030,playing harmonica,playing accordion,playing clarinet,playing flute,playing saxophone,playing trombone,playing trumpet,"playing violin, fiddle",playing cello,playing oboe,playing bagpipes
AzkP4-XZjK0_000080,using sewing machines,printer printing,lathe spinning,electric grinder grinding,fire crackling,raining,hail,wind rustling leaves,waterfall burbling,stream burbling,cutting hair with electric trimmers
B4UMgDBY4dY_000766,playing tuning fork,singing bowl,playing gong,church bell ringing,playing cymbal,playing glockenspiel,playing vibraphone,"cattle, bovinae cowbell",playing timpani,playing acoustic guitar,playing harp
BE8Mv5ww4BM_000171,playing hammond organ,playing electronic organ,playing accordion,playing synthesizer,playing harmonica,playing bagpipes,playing saxophone,playing flute,playing clarinet,playing trombone,"playing violin, fiddle"
BI96CRWSZd4_000223,ripping paper,sheep bleating,goat bleating,cat meowing,plastic bottle crushing,opening or closing drawers,sliding door,cow lowing,"donkey, ass braying",cupboard opening or closing,writing on blackboard with chalk
BI96CRWSZd4_000374,ripping paper,sheep bleating,goat bleating,cat meowing,plastic bottle crushing,opening or closing drawers,sliding door,cow lowing,"donkey, ass braying",cupboard opening or closing,writing on blackboard with chalk
BUGx2e7OgFE_000030,playing harmonica,playing accordion,playing clarinet,playing flute,playing saxophone,playing trumpet,playing trombone,"playing violin, fiddle",playing cello,playing oboe,playing bassoon
BWvKAcOV_co_000030,playing banjo,playing acoustic guitar,playing electric guitar,playing ukulele,playing mandolin,playing harp,playing zither,playing sitar,playing bass guitar,playing double bass,"playing violin, fiddle"
BXoTkN2Frl4_000118,playing trombone,playing trumpet,playing french horn,playing saxophone,playing clarinet,playing flute,playing oboe,playing bassoon,playing accordion,playing harmonica,playing bagpipes
B_Kfb4_-6Kw_000009,playing tuning fork,singing bowl,playing theremin,playing didgeridoo,playing bagpipes,air conditioning noise,bathroom ventilation fan running,running electric fan,hair dryer drying,vacuum cleaner cleaning floors,cat purring
B_ZxmAiGJFQ_000170,female singing,male singing,child singing,yodelling,people humming,singing choir,playing flute,"playing violin, fiddle",playing theremin,rapping,playing bagpipes
BaZGT-2NhEA_000157,playing cornet,playing trumpet,playing bugle,playing trombone,playing french horn,playing saxophone,playing clarinet,playing flute,playing oboe,playing bassoon,playing accordion
BbVoVbQHoXo_000030,typing on typewriter,typing on computer keyboard,mouse clicking,hammering nails,chopping wood,playing castanets,woodpecker pecking tree,playing table tennis,playing badminton,people finger snapping,striking pool
BjYsesK0GQw_000030,baby babbling,chicken clucking,duck quacking,pig oinking,frog croaking,mouse squeaking,turkey gobbling,dog barking,sheep bleating,goat bleating,people hiccup
BrjXD7rdihs_000497,playing drum kit,playing snare drum,metronome,horse clip-clop,playing bongo,playing castanets,playing congas,playing timbales,playing tambourine,"heart sounds, heartbeat",rope skipping
BsnjK6DypAg_000030,playing didgeridoo,playing bagpipes,playing theremin,air conditioning noise,bathroom ventilation fan running,hair dryer drying,vacuum cleaner cleaning floors,running electric fan,car engine idling,cat purring,wind noise
BvjaNZKOYiU_000030,printer printing,opening or closing drawers,cupboard opening or closing,sliding door,opening or closing car doors,people coughing,people sneezing,dog barking,duck quacking,pig oinking,chicken clucking
BvmCtRBeF04_000582,footsteps on snow,horse clip-clop,chopping food,people shuffling,typing on computer keyboard,eating with cutlery,people eating crisps,plastic bottle crushing,lip smacking,people marching,rope skipping
BzOeIRpjUN4_000599,parrot talking,duck quacking,pig oinking,sheep bleating,goat bleating,chicken clucking,dog barking,baby babbling,frog croaking,mouse squeaking,cat meowing
BzuyMFBB_3Q_000515,playing cornet,playing trumpet,playing trombone,playing french horn,playing bugle,playing clarinet,playing saxophone,playing flute,playing oboe,playing bassoon,playing harmonica
C00BpiE52mM_000270,playing drum kit,playing snare drum,metronome,horse clip-clop,playing bongo,playing castanets,playing congas,playing timbales,playing tambourine,"heart sounds, heartbeat",rope skipping
C46X66FU_Dw_000030,chainsawing trees,"engine accelerating, revving, vroom",hedge trimmer running,driving motorcycle,electric grinder grinding,dog howling,cattle mooing,sheep bleating,"donkey, ass braying",coyote howling,air horn
C7KSF6CW6EM_000357,tractor digging,car engine idling,lawn mowing,air conditioning noise,bathroom ventilation fan running,running electric fan,vacuum cleaner cleaning floors,hair dryer drying,eletric blender running,cutting hair with electric trimmers,"electric shaver, electric razor shaving"
C7hEJn-CQEU_000030,playing electronic organ,playing hammond organ,playing synthesizer,playing accordion,playing flute,playing clarinet,playing saxophone,playing harmonica,playing cello,playing trumpet,"playing violin, fiddle"
CAbXVOWLYps_000030,dog howling,coyote howling,elk bugling,gibbon howling,cat caterwauling,"donkey, ass braying",cattle mooing,yodelling,cow lowing,elephant trumpeting,lions roaring
CD5VBM6pClk_000030,opening or closing car doors,door slamming,cupboard opening or closing,opening or closing drawers,sliding door,shot football,people coughing,people sneezing,people burping,people farting,strike lighter
CF7-FnDkLwU_000030,playing hammond organ,playing electronic organ,playing synthesizer,playing accordion,playing bagpipes,playing harmonica,playing theremin,playing clarinet,playing oboe,playing saxophone,playing flute
CIJ9L83uKtE_000030,lawn mowing,hedge trimmer running,vacuum cleaner cleaning floors,hair dryer drying,running electric fan,air conditioning noise,bathroom ventilation fan running,eletric blender running,"electric shaver, electric razor shaving",cutting hair with electric trimmers,car engine idling
CJr8XzTyIr4_000158,playing accordion,playing harmonica,playing bagpipes,playing electronic organ,playing hammond organ,playing synthesizer,playing clarinet,playing flute,playing saxophone,"playing violin, fiddle",playing cello
CLtTzEgjeJk_000066,playing trumpet,playing trombone,playing french horn,playing saxophone,playing clarinet,playing flute,playing oboe,playing bassoon,playing cornet,playing bugle,"playing violin, fiddle"
CPVPmzfWJhQ_000020,playing drum kit,playing snare drum,metronome,horse clip-clop,playing bongo,playing castanets,playing congas,playing timbales,playing tambourine,"heart sounds, heartbeat",rope skipping
CRdma6NINIw_000030,typing on typewriter,typing on computer keyboard,mouse clicking,chopping wood,hammering nails,playing castanets,woodpecker pecking tree,playing table tennis,playing badminton,playing tennis,people finger snapping
CWA2pRIDHuI_000000,snake rattling,"bee, wasp, etc. buzzing","fly, housefly buzzing",mosquito buzzing,fire crackling,raining,hail,cat purring,"electric shaver, electric razor shaving",cutting hair with electric trimmers,wind rustling leaves
CW_UrQzAqzU_000025,canary calling,chipmunk chirping,mouse squeaking,frog croaking,chicken clucking,duck quacking,pig oinking,dog barking,baby laughter,turkey gobbling,people coughing
CWi_968aD3M_000017,rope skipping,reversing beeps,"heart sounds, heartbeat",bouncing on trampoline,horse clip-clop,people marching,smoke detector beeping,helicopter,machine gun shooting,metronome,woodpecker pecking tree
CgMmtC41T9k_000030,wind chime,playing glockenspiel,playing vibraphone,"playing marimba, xylophone",playing cymbal,playing gong,"cattle, bovinae cowbell",singing bowl,playing acoustic guitar,playing harp,playing zither
CgMt2IylPic_000494,canary calling,chipmunk chirping,mouse squeaking,frog croaking,chicken clucking,duck quacking,pig oinking,dog barking,baby laughter,turkey gobbling,people coughing
Ckr_j4ajrx0_000007,playing guiro,playing washboard,disc scratching,writing on blackboard with chalk,chopping food,dog barking,duck quacking,frog croaking,chicken clucking,mouse squeaking,lip smacking
Coxhwm4cDIQ_000494,"child speech, kid speaking",child singing,people humming,yodelling,rapping,beat boxing,people whistling,playing harmonica,playing flute,parrot talking,police radio chatter
CpoUHOCPaNw_000020,playing harp,playing acoustic guitar,playing ukulele,playing banjo,playing mandolin,playing sitar,playing zither,"playing steel guitar, slide guitar",playing piano,playing harpsichord,playing electric guitar
CqmuLdNiEjE_000077,dog growling,cat growling,lions growling,otter growling,coyote howling,cattle mooing,bull bellowing,"donkey, ass braying",cat caterwauling,dog howling,dog whimpering
CsRF3qYnSLI_000030,dog growling,cat growling,lions growling,otter growling,coyote howling,cattle mooing,bull bellowing,"donkey, ass braying",cat caterwauling,dog howling,dog whimpering
CxSALNdzjKs_000125,blowtorch igniting,hair dryer drying,air conditioning noise,vacuum cleaner cleaning floors,bathroom ventilation fan running,running electric fan,wind noise,eletric blender running,waterfall burbling,"electric shaver, electric razor shaving",cutting hair with electric trimmers
D-7c7OP4dFg_000051,"electric shaver, electric razor shaving",cutting hair with electric trimmers,hair dryer drying,vacuum cleaner cleaning floors,running electric fan,bathroom ventilation fan running,air conditioning noise,eletric blender running,"bee, wasp, etc. buzzing","fly, housefly buzzing",mosquito buzzing
D1KdCkSFmnk_000000,people shuffling,footsteps on snow,people running,tap dancing,horse clip-clop,chopping food,typing on computer keyboard,mouse pattering,eating with cutlery,rope skipping,skateboarding
D1VQAb8CfWM_000008,cat growling,dog growling,cat caterwauling,lions growling,cattle mooing,sheep bleating,"donkey, ass braying",goat bleating,otter growling,coyote howling,cow lowing
D1VQAb8CfWM_000022,cat hissing,snake hissing,"alligators, crocodiles hissing",cat growling,dog growling,lions growling,sheep bleating,dog barking,cat meowing,people sneezing,cat caterwauling
D30UC-C-lIs_000029,blowtorch igniting,hair dryer drying,air conditioning noise,vacuum cleaner cleaning floors,bathroom ventilation fan running,running electric fan,wind noise,eletric blender running,waterfall burbling,"electric shaver, electric razor shaving",cutting hair with electric trimmers
D8LW5sTsIlc_000030,printer printing,running electric fan,bathroom ventilation fan running,air conditioning noise,hair dryer drying,vacuum cleaner cleaning floors,"electric shaver, electric razor shaving",cutting hair with electric trimmers,eletric blender running,lawn mowing,car engine idling
D8vA5rdtYd8_000030,playing accordion,playing harmonica,playing bagpipes,"playing violin, fiddle",playing cello,playing clarinet,playing saxophone,playing flute,playing trumpet,playing trombone,playing oboe
DDhKU_VH0Js_000228,canary calling,chipmunk chirping,mouse squeaking,frog croaking,chicken clucking,duck quacking,pig oinking,dog barking,baby laughter,turkey gobbling,people coughing
DDlAcAppYtE_000026,parrot talking,dog barking,cat meowing,baby babbling,chicken clucking,duck quacking,pig oinking,sheep bleating,goat bleating,crow cawing,people coughing
DKrhM5ESJzM_000045,arc welding,fire crackling,raining,hail,electric grinder grinding,stream burbling,waterfall burbling,"bee, wasp, etc. buzzing",people crowd,people babbling,wind rustling leaves
DLbcnJVnyaI_000134,canary calling,chipmunk chirping,mouse squeaking,frog croaking,chicken clucking,duck quacking,pig oinking,dog barking,baby laughter,turkey gobbling,people coughing
DOwkjBCah5A_000590,using sewing machines,printer printing,cutting hair with electric trimmers,"electric shaver, electric razor shaving",lawn mowing,running electric fan,vacuum cleaner cleaning floors,hair dryer drying,eletric blender running,lathe spinning,air conditioning noise
DRSs6q_sTr4_000000,"bird chirping, tweeting",chipmunk chirping,warbler chirping,canary calling,mouse squeaking,frog croaking,chicken clucking,wood thrush calling,duck quacking,black capped chickadee calling,baltimore oriole calling
DUNOn71oGCw_000040,playing electric guitar,playing acoustic guitar,playing ukulele,"playing steel guitar, slide guitar",playing banjo,playing harp,playing mandolin,playing sitar,playing bass guitar,playing zither,playing piano
DUlxiX4ri1Q_000045,alarm clock ringing,reversing beeps,smoke detector beeping,metronome,cell phone buzzing,"heart sounds, heartbeat",telephone bell ringing,church bell ringing,playing glockenspiel,playing vibraphone,playing cymbal
DZfYFhywhRs_000030,dog growling,cat growling,lions growling,otter growling,bull bellowing,cattle mooing,"donkey, ass braying",sheep bleating,goat bleating,coyote howling,cat caterwauling
DaSr6mc6TM8_000140,printer printing,using sewing machines,metronome,reversing beeps,smoke detector beeping,"heart sounds, heartbeat",cell phone buzzing,bouncing on trampoline,rope skipping,car engine knocking,horse clip-clop
DdwQJlhORjo_000090,lip smacking,mouse clicking,people finger snapping,typing on computer keyboard,playing castanets,chopping food,woodpecker pecking tree,typing on typewriter,playing table tennis,playing badminton,hammering nails
DegSrwcSF3k_000030,horse clip-clop,hammering nails,woodpecker pecking tree,playing castanets,playing table tennis,typing on typewriter,playing badminton,mouse clicking,tap dancing,chopping wood,people clapping
Dm8tMkoPiX0_000090,playing djembe,playing bongo,playing congas,playing tabla,playing timbales,playing snare drum,playing drum kit,playing tambourine,playing castanets,metronome,tapping guitar
DrN1hZuDLqA_000153,lathe spinning,hair dryer drying,vacuum cleaner cleaning floors,eletric blender running,"electric shaver, electric razor shaving",cutting hair with electric trimmers,bathroom ventilation fan running,running electric fan,air conditioning noise,lawn mowing,car engine idling
DtUw0XOALfk_000064,playing drum kit,playing snare drum,metronome,horse clip-clop,playing bongo,playing castanets,playing congas,playing timbales,playing tambourine,"heart sounds, heartbeat",rope skipping
E4a3s8NRqUM_000070,disc scratching,beat boxing,reversing beeps,rapping,smoke detector beeping,lip smacking,"heart sounds, heartbeat",people coughing,metronome,dog barking,horse clip-clop
EB5rkiiHFw8_000030,hair dryer drying,bathroom ventilation fan running,running electric fan,air conditioning noise,vacuum cleaner cleaning floors,eletric blender running,"electric shaver, electric razor shaving",cutting hair with electric trimmers,lawn mowing,car engine idling,wind noise
EBHSSNxR-_0_000004,using sewing machines,metronome,horse clip-clop,people marching,printer printing,rope skipping,bouncing on trampoline,"heart sounds, heartbeat",reversing beeps,smoke detector beeping,cricket chirping
ECVfSkmVy5Y_000001,elk bugling,coyote howling,dog howling,elephant trumpeting,"donkey, ass braying",horse neighing,cow lowing,bull bellowing,foghorn,air horn,train whistling
ED8UQJIMgeY_000521,playing steelpan,playing glockenspiel,playing vibraphone,"playing marimba, xylophone",playing acoustic guitar,playing piano,playing ukulele,playing banjo,playing harp,playing mandolin,wind chime
EFSxZd_eGjM_000017,dog whimpering,baby crying,people sobbing,mouse squeaking,sheep bleating,goat bleating,frog croaking,duck quacking,pig oinking,people hiccup,chicken clucking
EJJx3eIB6ro_000081,hedge trimmer running,lawn mowing,hair dryer drying,"electric shaver, electric razor shaving",bathroom ventilation fan running,vacuum cleaner cleaning floors,eletric blender running,running electric fan,air conditioning noise,cutting hair with electric trimmers,chainsawing trees
EM2O8RPZcuk_000000,"cattle, bovinae cowbell",wind chime,playing glockenspiel,playing vibraphone,playing acoustic guitar,playing electric guitar,playing ukulele,playing banjo,playing mandolin,playing harp,playing cymbal
EQHrQIaQNv8_000030,"playing steel guitar, slide guitar",playing acoustic guitar,playing electric guitar,playing ukulele,playing banjo,playing mandolin,playing harp,playing sitar,playing zither,playing double bass,playing cello
EQrpQGyLR1Y_000002,wind chime,playing glockenspiel,playing vibraphone,playing steelpan,"playing marimba, xylophone",playing harp,playing zither,"cattle, bovinae cowbell",alarm clock ringing,telephone bell ringing,slot machine
ER2x_QMrxeU_000860,playing flute,playing clarinet,playing oboe,playing saxophone,playing trumpet,playing trombone,playing french horn,playing bassoon,"playing violin, fiddle",playing cello,playing harmonica
EW2eK_x3Rfc_000020,playing shofar,playing bugle,playing trumpet,playing trombone,playing french horn,playing cornet,playing didgeridoo,air horn,foghorn,train horning,"vehicle horn, car horn, honking"
EW3ZkpsGNBA_000001,wind chime,singing bowl,playing tuning fork,church bell ringing,playing gong,playing cymbal,"cattle, bovinae cowbell",playing glockenspiel,playing vibraphone,playing harp,playing timpani
EY18UyQJrCs_000144,canary calling,chipmunk chirping,mouse squeaking,frog croaking,chicken clucking,duck quacking,pig oinking,dog barking,baby laughter,turkey gobbling,people coughing
EYWZz8l8yKg_000110,playing drum kit,playing snare drum,metronome,horse clip-clop,playing bongo,playing castanets,playing congas,playing timbales,playing tambourine,"heart sounds, heartbeat",rope skipping
EbPT_Xcuvzs_000071,playing shofar,playing bugle,playing trumpet,playing trombone,playing french horn,playing saxophone,playing clarinet,playing flute,playing oboe,playing bassoon,air horn
EiOtCVfF83c_000001,blowtorch igniting,hair dryer drying,air conditioning noise,vacuum cleaner cleaning floors,bathroom ventilation fan running,running electric fan,wind noise,eletric blender running,waterfall burbling,"electric shaver, electric razor shaving",cutting hair with electric trimmers
EkNx30baO0I_000111,"male speech, man speaking","female speech, woman speaking","child speech, kid speaking",people whispering,parrot talking,baby babbling,cat meowing,sheep bleating,goat bleating,yodelling,cattle mooing
EtcoN3RhRZg_000127,playing guiro,playing washboard,playing tambourine,reversing beeps,smoke detector beeping,"heart sounds, heartbeat",rope skipping,playing bongo,playing congas,playing djembe,metronome
EzHAfVNaf1o_000052,arc welding,fire crackling,raining,hail,spraying water,stream burbling,waterfall burbling,underwater bubbling,wind rustling leaves,electric grinder grinding,planing timber
F-p8xsDSjnw_000030,lions growling,dog growling,cat growling,bull bellowing,cow lowing,"donkey, ass braying",horse neighing,sheep bleating,goat bleating,"alligators, crocodiles hissing",otter growling
F0AtWOUItaQ_000060,singing bowl,playing didgeridoo,playing theremin,air conditioning noise,running electric fan,bathroom ventilation fan running,hair dryer drying,vacuum cleaner cleaning floors,cat purring,wind noise,waterfall burbling
F0StNDt5xE8_000330,playing congas,playing bongo,playing djembe,playing tabla,playing timbales,playing snare drum,playing castanets,playing tambourine,metronome,horse clip-clop,"playing marimba, xylophone"
F1X7egd8Us0_000030,playing acoustic guitar,playing electric guitar,playing ukulele,playing banjo,playing mandolin,playing bass guitar,playing harp,playing sitar,playing zither,"playing steel guitar, slide guitar",playing harpsichord
F2ojsUmHFYg_000603,ripping paper,cat meowing,dog barking,sheep bleating,goat bleating,cow lowing,crow cawing,baby crying,"donkey, ass braying",horse neighing,people coughing
F7NxfNhi6kM_000298,forging swords,"cattle, bovinae cowbell",playing glockenspiel,wind chime,playing vibraphone,playing acoustic guitar,playing steelpan,playing gong,church bell ringing,playing cymbal,"playing marimba, xylophone"
FD1LeLl1xBA_000060,beat boxing,"heart sounds, heartbeat",reversing beeps,smoke detector beeping,bouncing on trampoline,horse clip-clop,rope skipping,people marching,tap dancing,playing tambourine,metronome
FJNNtgukxUs_000122,opening or closing car doors,door slamming,cupboard opening or closing,opening or closing drawers,sliding door,strike lighter,blowtorch igniting,plastic bottle crushing,shot football,striking bowling,people nose blowing
FKElIiHW0Ws_000001,chipmunk chirping,"bird chirping, tweeting",mouse squeaking,cricket chirping,cheetah chirrup,chinchilla barking,ferret dooking,chicken clucking,duck quacking,frog croaking,pig oinking
FKQIdqjY9nI_000200,playing bagpipes,playing didgeridoo,playing theremin,running electric fan,air conditioning noise,bathroom ventilation fan running,hair dryer drying,vacuum cleaner cleaning floors,lawn mowing,car engine idling,wind noise
FMr1WHtXJbc_000030,"playing steel guitar, slide guitar",playing electric guitar,playing acoustic guitar,playing banjo,playing ukulele,playing mandolin,playing harp,playing sitar,playing zither,playing bass guitar,playing piano
FQHhMhW4sHw_000040,beat boxing,playing bongo,"heart sounds, heartbeat",reversing beeps,playing congas,playing djembe,rope skipping,smoke detector beeping,bouncing on trampoline,playing tabla,horse clip-clop
FZiKkwC6bIE_000000,lathe spinning,electric grinder grinding,eletric blender running,hair dryer drying,vacuum cleaner cleaning floors,running electric fan,bathroom ventilation fan running,air conditioning noise,"electric shaver, electric razor shaving",cutting hair with electric trimmers,lawn mowing
Fd6btl9L0Ns_000182,"male speech, man speaking","female speech, woman speaking","child speech, kid speaking",people whispering,male singing,female singing,child singing,baby crying,dog howling,cat meowing,yodelling
FjCtruuJ09I_000031,popping popcorn,fire crackling,hail,lighting firecrackers,raining,plastic bottle crushing,people clapping,typing on computer keyboard,typing on typewriter,playing castanets,mouse clicking
FkiXyAHTKgY_000137,ice cracking,plastic bottle crushing,chopping wood,hammering nails,woodpecker pecking tree,playing castanets,mouse clicking,people finger snapping,typing on typewriter,striking pool,playing table tennis
FrJx8vk4GWs_000100,playing trumpet,playing cornet,playing bugle,playing trombone,playing french horn,playing saxophone,playing clarinet,playing oboe,playing bassoon,playing flute,playing accordion
FrLkQovl2Ok_000000,pheasant crowing,chicken crowing,francolin calling,crow cawing,duck quacking,goose honking,turkey gobbling,dog barking,pig oinking,sheep bleating,goat bleating
FzgCq9oAXGk_000000,basketball bounce,playing tennis,playing table tennis,playing squash,playing badminton,playing volleyball,hammering nails,people finger snapping,mouse clicking,chopping wood,woodpecker pecking tree
G8o4P-aM8UE_000085,"male speech, man speaking","female speech, woman speaking","child speech, kid speaking",baby babbling,people whispering,yodelling,male singing,rapping,female singing,cat meowing,dog howling
GBLKj2d0iC4_000030,playing theremin,playing synthesizer,playing electronic organ,playing hammond organ,playing didgeridoo,playing bagpipes,air conditioning noise,bathroom ventilation fan running,running electric fan,vacuum cleaner cleaning floors,hair dryer drying
GG6XkHATIyw_000090,playing bass guitar,playing electric guitar,playing acoustic guitar,playing double bass,playing ukulele,playing banjo,playing mandolin,playing harp,playing cello,playing sitar,playing zither
GMKY1SWCmIQ_000055,eletric blender running,hair dryer drying,vacuum cleaner cleaning floors,running electric fan,bathroom ventilation fan running,cutting hair with electric trimmers,"electric shaver, electric razor shaving",air conditioning noise,lawn mowing,lathe spinning,car engine idling
GN6kEiASxaE_000030,basketball bounce,playing table tennis,playing tennis,playing badminton,playing squash,playing volleyball,hammering nails,chopping wood,typing on typewriter,mouse clicking,people finger snapping
GO2Tf8KLJ14_000061,"playing steel guitar, slide guitar",playing electric guitar,playing acoustic guitar,playing banjo,playing ukulele,playing mandolin,playing harp,playing sitar,playing zither,playing bass guitar,playing piano
GO_1gBjIR1c_000030,helicopter,air conditioning noise,vacuum cleaner cleaning floors,hair dryer drying,running electric fan,lawn mowing,bathroom ventilation fan running,eletric blender running,car engine idling,driving snowmobile,cutting hair with electric trimmers
GP2sIyEecxg_000126,driving snowmobile,driving motorcycle,driving buses,lawn mowing,car engine idling,helicopter,vacuum cleaner cleaning floors,hair dryer drying,air conditioning noise,bathroom ventilation fan running,running electric fan
GQPPtMdnCFA_000007,"male speech, man speaking","female speech, woman speaking","child speech, kid speaking",baby babbling,people whispering,yodelling,male singing,rapping,female singing,cat meowing,dog howling
GT4WmInObm0_000236,footsteps on snow,horse clip-clop,people shuffling,chopping food,typing on computer keyboard,tap dancing,mouse pattering,people eating crisps,eating with cutlery,plastic bottle crushing,people marching
GVk8l4S9NN0_000039,playing timpani,playing bass drum,playing gong,playing cymbal,playing vibraphone,playing glockenspiel,"playing marimba, xylophone",playing steelpan,church bell ringing,"cattle, bovinae cowbell",singing bowl
GbJ84ESfKOs_000030,playing harmonica,playing accordion,playing clarinet,playing flute,playing saxophone,playing trumpet,playing trombone,playing oboe,playing french horn,playing bassoon,"playing violin, fiddle"
Gg6Jx9UTBZI_000158,baltimore oriole calling,chipmunk chirping,mouse squeaking,frog croaking,chicken clucking,duck quacking,pig oinking,dog barking,sheep bleating,goat bleating,people coughing
GhEPMDQZ174_000030,playing harpsichord,playing piano,playing acoustic guitar,playing harp,playing ukulele,playing mandolin,playing banjo,playing zither,playing sitar,playing electric guitar,"playing steel guitar, slide guitar"
Gl64LXryFS8_000030,playing harp,playing acoustic guitar,playing electric guitar,playing ukulele,playing bass guitar,playing mandolin,playing banjo,playing zither,playing sitar,playing piano,playing harpsichord
GmCCNlPZIQU_000050,playing bagpipes,playing accordion,playing didgeridoo,playing theremin,playing electronic organ,playing hammond organ,playing synthesizer,air conditioning noise,vacuum cleaner cleaning floors,hair dryer drying,running electric fan
Gr-aT8sYNN8_000030,vacuum cleaner cleaning floors,hair dryer drying,running electric fan,bathroom ventilation fan running,air conditioning noise,eletric blender running,"electric shaver, electric razor shaving",cutting hair with electric trimmers,lawn mowing,car engine idling,helicopter
Gx4Ua7b7qcI_000016,blowtorch igniting,hair dryer drying,vacuum cleaner cleaning floors,bathroom ventilation fan running,air conditioning noise,running electric fan,wind noise,waterfall burbling,eletric blender running,lawn mowing,car engine idling
GyHmkrrU0ZM_000125,beat boxing,playing bongo,playing congas,playing djembe,playing tabla,"heart sounds, heartbeat",reversing beeps,smoke detector beeping,horse clip-clop,people marching,rope skipping
H2g3fH2PfM0_000102,warbler chirping,chipmunk chirping,mouse squeaking,frog croaking,dog barking,people whistling,baby laughter,people hiccup,chicken clucking,duck quacking,pig oinking
H6RE7PjUrjI_000015,"playing steel guitar, slide guitar",playing acoustic guitar,playing electric guitar,playing ukulele,playing banjo,playing mandolin,playing harp,playing zither,playing sitar,playing bass guitar,playing harpsichord
H942QC8B3bc_000030,horse clip-clop,hammering nails,chopping wood,playing table tennis,playing badminton,playing tennis,mouse clicking,typing on typewriter,people clapping,woodpecker pecking tree,people finger snapping
HA0eZ_FDVUg_000050,tractor digging,car engine idling,lawn mowing,vacuum cleaner cleaning floors,hair dryer drying,air conditioning noise,bathroom ventilation fan running,running electric fan,helicopter,eletric blender running,"electric shaver, electric razor shaving"
HAkUrI9yU8U_000062,airplane,air conditioning noise,bathroom ventilation fan running,hair dryer drying,running electric fan,vacuum cleaner cleaning floors,lawn mowing,car engine idling,eletric blender running,helicopter,cutting hair with electric trimmers
HC4f5gUkLME_000171,playing mandolin,playing acoustic guitar,playing ukulele,playing banjo,playing electric guitar,playing harp,playing zither,playing sitar,"playing steel guitar, slide guitar",playing bass guitar,playing double bass
HKN2548Ts6A_000030,typing on computer keyboard,typing on typewriter,mouse clicking,hammering nails,playing table tennis,playing castanets,woodpecker pecking tree,playing darts,people finger snapping,chopping wood,basketball bounce
HKhBeY4I830_000009,cat caterwauling,elephant trumpeting,elk bugling,dog howling,coyote howling,train whistling,"vehicle horn, car horn, honking",air horn,foghorn,whale calling,playing shofar
HKvc2fgaeak_000189,playing tambourine,playing washboard,playing guiro,playing castanets,playing bongo,playing congas,playing djembe,playing timbales,playing tabla,tapping guitar,popping popcorn
HLsRePLObfI_000030,playing steelpan,playing glockenspiel,playing vibraphone,"playing marimba, xylophone",playing acoustic guitar,playing piano,playing harp,playing banjo,playing ukulele,playing mandolin,playing electric guitar
HMhAM5aicvI_000030,playing electronic organ,playing synthesizer,playing hammond organ,playing accordion,playing harmonica,playing flute,playing clarinet,playing saxophone,playing trumpet,playing trombone,playing oboe
HMnF8n9c5-Y_000030,baby crying,cat meowing,dog howling,people sobbing,sheep bleating,goat bleating,cattle mooing,"donkey, ass braying",coyote howling,lions roaring,elephant trumpeting
HNtNFaXeYQ4_000140,playing harp,playing acoustic guitar,playing ukulele,playing banjo,playing mandolin,playing zither,playing sitar,playing piano,playing electric guitar,playing cello,playing double bass
HPfBYRU8tVM_000030,"female speech, woman speaking","male speech, man speaking","child speech, kid speaking",people whispering,baby babbling,people babbling,police radio chatter,parrot talking,rapping,yodelling,beat boxing
HQSHJVH2x4w_000024,lathe spinning,bathroom ventilation fan running,hair dryer drying,running electric fan,air conditioning noise,vacuum cleaner cleaning floors,"electric shaver, electric razor shaving",cutting hair with electric trimmers,eletric blender running,car engine idling,lawn mowing
HUm2vzjI6DQ_000220,vacuum cleaner cleaning floors,hair dryer drying,running electric fan,bathroom ventilation fan running,air conditioning noise,eletric blender running,"electric shaver, electric razor shaving",cutting hair with electric trimmers,lawn mowing,car engine idling,wind noise
HXqj_9oZReQ_000014,disc scratching,beat boxing,reversing beeps,rapping,smoke detector beeping,lip smacking,"heart sounds, heartbeat",people coughing,metronome,dog barking,horse clip-clop
H_-2X4LNDH0_000001,typing on typewriter,typing on computer keyboard,mouse clicking,hammering nails,woodpecker pecking tree,playing castanets,people finger snapping,playing table tennis,playing darts,striking pool,cap gun shooting
HfMOBHKi9Dw_000001,arc welding,fire crackling,raining,hail,electric grinder grinding,waterfall burbling,stream burbling,wind rustling leaves,people crowd,underwater bubbling,ocean burbling
HgJaV3YXwnM_000030,playing harp,playing acoustic guitar,playing electric guitar,playing ukulele,playing banjo,playing mandolin,playing sitar,playing zither,playing piano,playing harpsichord,playing vibraphone
HgSqmsr5GOQ_000030,tractor digging,lawn mowing,car engine idling,chainsawing trees,electric grinder grinding,vacuum cleaner cleaning floors,hair dryer drying,air conditioning noise,bathroom ventilation fan running,running electric fan,eletric blender running
HhsGpNE4abY_000300,playing electronic organ,playing hammond organ,playing synthesizer,playing accordion,playing harmonica,playing bagpipes,playing cello,"playing violin, fiddle",playing flute,playing clarinet,playing saxophone
HhvCh6gOZS8_000372,cat hissing,snake hissing,"alligators, crocodiles hissing",cat growling,dog growling,lions growling,spraying water,air horn,foghorn,train whistling,"vehicle horn, car horn, honking"
HpseKJL6jRQ_000129,sharpen knife,planing timber,writing on blackboard with chalk,disc scratching,people shuffling,"playing violin, fiddle",playing cello,playing double bass,"rowboat, canoe, kayak rowing",footsteps on snow,playing washboard
HrPnGYGrvm0_000100,playing banjo,playing acoustic guitar,playing ukulele,playing mandolin,playing electric guitar,playing sitar,playing harp,playing zither,playing harpsichord,"playing steel guitar, slide guitar",playing bass guitar
Hu1OmW6Glaw_000030,hammering nails,chopping wood,woodpecker pecking tree,typing on typewriter,playing castanets,mouse clicking,people clapping,playing table tennis,cap gun shooting,chopping food,people finger snapping
I2S72eajLzw_000030,playing electronic organ,playing hammond organ,playing synthesizer,playing accordion,playing bagpipes,playing theremin,playing didgeridoo,playing cello,playing double bass,"playing violin, fiddle",playing flute
I4XG-uLrzjk_000038,"bird chirping, tweeting",warbler chirping,canary calling,chipmunk chirping,mouse squeaking,chicken clucking,frog croaking,people hiccup,dog barking,pig oinking,duck quacking
IC9hh-3zlQY_000792,wind chime,"cattle, bovinae cowbell",playing glockenspiel,playing vibraphone,playing cymbal,playing acoustic guitar,playing harp,playing banjo,playing mandolin,playing ukulele,playing zither
IFclJMPODCA_000221,blowtorch igniting,hair dryer drying,vacuum cleaner cleaning floors,bathroom ventilation fan running,air conditioning noise,running electric fan,wind noise,waterfall burbling,lawn mowing,car engine idling,helicopter
IGF__xZmktU_000167,parrot talking,"male speech, man speaking","female speech, woman speaking","child speech, kid speaking",baby babbling,dog barking,cat meowing,duck quacking,pig oinking,sheep bleating,goat bleating
IJ0jeaVklt8_000016,playing drum kit,playing snare drum,metronome,horse clip-clop,playing bongo,playing castanets,playing congas,playing timbales,playing tambourine,"heart sounds, heartbeat",rope skipping
IKdDjrqrzoY_000160,squishing water,sloshing water,splashing water,swimming,footsteps on snow,chopping food,lip smacking,people slurping,people eating apple,underwater bubbling,rope skipping
IOu7cOZgZE4_000272,tap dancing,playing castanets,typing on typewriter,typing on computer keyboard,hammering nails,mouse clicking,woodpecker pecking tree,people finger snapping,people clapping,playing table tennis,chopping food
ITaflypbuAs_000015,playing shofar,foghorn,air horn,train horning,"vehicle horn, car horn, honking",playing didgeridoo,playing bugle,playing french horn,playing trombone,playing trumpet,playing saxophone
IVJkeUVwUaY_000037,playing erhu,"playing violin, fiddle",playing cello,playing double bass,playing flute,playing clarinet,playing saxophone,playing trumpet,playing trombone,playing accordion,playing theremin
IVJkeUVwUaY_000145,playing erhu,"playing violin, fiddle",playing cello,playing double bass,playing flute,playing clarinet,playing saxophone,playing trumpet,playing trombone,playing oboe,playing accordion
IXKMzUr2sIo_000094,disc scratching,beat boxing,reversing beeps,rapping,smoke detector beeping,lip smacking,"heart sounds, heartbeat",people coughing,metronome,dog barking,horse clip-clop
IYllzXfvkmY_000020,people coughing,people sneezing,people hiccup,people burping,people nose blowing,dog barking,pig oinking,duck quacking,sheep bleating,goat bleating,chicken clucking
IZtiMmPN0Xc_000000,playing harp,playing acoustic guitar,playing ukulele,playing banjo,playing mandolin,playing sitar,playing zither,playing piano,"playing steel guitar, slide guitar",playing vibraphone,playing glockenspiel
IedxNpk3Yns_000105,playing bongo,playing congas,playing djembe,playing timbales,playing snare drum,playing castanets,playing table tennis,hammering nails,chopping wood,people finger snapping,basketball bounce
IevRzGh8uMs_000134,train whistling,train horning,"vehicle horn, car horn, honking",air horn,foghorn,elk bugling,elephant trumpeting,goose honking,"donkey, ass braying",coyote howling,dog howling
Ih7sLCzExYU_000030,turkey gobbling,dog barking,pig oinking,frog croaking,chicken clucking,duck quacking,sheep bleating,goat bleating,mouse squeaking,baby laughter,people coughing
Ii5LaYj2il4_000341,playing trumpet,playing trombone,playing saxophone,playing clarinet,playing flute,playing oboe,playing french horn,playing bassoon,playing cornet,playing bugle,playing accordion
IiPFL45UAmc_000049,chopping wood,hammering nails,woodpecker pecking tree,playing table tennis,playing badminton,playing tennis,playing squash,mouse clicking,people finger snapping,playing castanets,typing on typewriter
IiYSoGSDUY8_000030,playing harpsichord,playing piano,playing acoustic guitar,playing harp,playing banjo,playing mandolin,playing ukulele,playing zither,playing sitar,"playing marimba, xylophone",playing vibraphone
Ik2nR__c03E_000030,dog barking,chicken clucking,duck quacking,pig oinking,frog croaking,sheep bleating,goat bleating,turkey gobbling,mouse squeaking,baby laughter,people coughing
Ip1sAKybSHs_000153,chopping food,playing darts,striking pool,mouse clicking,people finger snapping,cupboard opening or closing,opening or closing car doors,opening or closing drawers,golf driving,basketball bounce,shot football
IvPbQdbsQUI_000331,sharpen knife,reversing beeps,smoke detector beeping,"heart sounds, heartbeat",horse clip-clop,people marching,rope skipping,cricket chirping,woodpecker pecking tree,basketball bounce,metronome
IyV2j4BsEM8_000030,baby babbling,chicken clucking,duck quacking,pig oinking,frog croaking,mouse squeaking,turkey gobbling,dog barking,sheep bleating,goat bleating,people hiccup
J-MC4VxOaJc_000511,playing trumpet,playing trombone,playing french horn,playing saxophone,playing clarinet,playing flute,playing oboe,playing bassoon,playing accordion,"playing violin, fiddle",playing cello
J0lA7ZDfPLE_000030,playing electric guitar,playing acoustic guitar,playing banjo,playing mandolin,playing sitar,"playing violin, fiddle",playing harp,playing zither,playing ukulele,"playing steel guitar, slide guitar",playing synthesizer
J3_suqJKrug_000058,eletric blender running,hair dryer drying,vacuum cleaner cleaning floors,running electric fan,bathroom ventilation fan running,air conditioning noise,"electric shaver, electric razor shaving",cutting hair with electric trimmers,lawn mowing,car engine idling,wind noise
J3yMNpeDo6Q_000030,cap gun shooting,hammering nails,chopping wood,playing darts,striking pool,golf driving,mouse clicking,people finger snapping,shot football,cupboard opening or closing,basketball bounce
J66wMnYRl7s_000306,"electric shaver, electric razor shaving",cutting hair with electric trimmers,hair dryer drying,vacuum cleaner cleaning floors,running electric fan,bathroom ventilation fan running,air conditioning noise,eletric blender running,lawn mowing,car engine idling,"bee, wasp, etc. buzzing"
J6T4OwacRL0_000450,playing drum kit,playing snare drum,metronome,horse clip-clop,playing bongo,playing castanets,playing congas,playing timbales,playing tambourine,"heart sounds, heartbeat",rope skipping
J6iYFxXuHrI_000654,disc scratching,beat boxing,reversing beeps,rapping,smoke detector beeping,lip smacking,"heart sounds, heartbeat",people coughing,metronome,dog barking,horse clip-clop
J75Aju6BsT8_000010,bird squawking,chicken clucking,duck quacking,pig oinking,dog barking,sheep bleating,goat bleating,turkey gobbling,frog croaking,crow cawing,chipmunk chirping
J9PJI1UwIQ4_000030,playing synthesizer,reversing beeps,smoke detector beeping,"heart sounds, heartbeat",playing bass drum,horse clip-clop,bouncing on trampoline,rope skipping,people marching,metronome,basketball bounce
JEaWbkxzFIk_000000,basketball bounce,playing tennis,playing table tennis,playing squash,playing badminton,playing volleyball,hammering nails,chopping wood,striking pool,people finger snapping,mouse clicking
JIVlpGCaiTs_000030,playing gong,singing bowl,playing tuning fork,church bell ringing,playing cymbal,playing timpani,playing vibraphone,playing glockenspiel,playing piano,playing harp,"cattle, bovinae cowbell"
JKbUVdMJAO8_000030,playing electric guitar,playing acoustic guitar,playing ukulele,"playing steel guitar, slide guitar",playing banjo,playing harp,playing mandolin,playing sitar,playing bass guitar,playing zither,playing piano
JLKsLx_SGOU_000030,"male speech, man speaking","female speech, woman speaking","child speech, kid speaking",baby babbling,people whispering,yodelling,male singing,rapping,female singing,cat meowing,dog howling
JMpqsef4w8g_000018,chopping wood,door slamming,bowling impact,striking bowling,shot football,golf driving,firing cannon,striking pool,cupboard opening or closing,opening or closing car doors,volcano explosion
JRIKh0r_We8_000098,playing congas,playing bongo,playing djembe,playing tabla,playing snare drum,playing timbales,playing tambourine,playing castanets,metronome,people clapping,tapping guitar
JdwokttDLSk_000180,"male speech, man speaking","female speech, woman speaking","child speech, kid speaking",parrot talking,baby crying,cat meowing,dog howling,cattle mooing,sheep bleating,goat bleating,pig oinking
JkeCq47R1Mw_000009,hammering nails,chopping wood,playing table tennis,mouse clicking,typing on typewriter,people finger snapping,woodpecker pecking tree,playing badminton,playing tennis,playing squash,playing castanets
JkqXWP4nddE_000012,snake hissing,cat hissing,"alligators, crocodiles hissing",cat growling,dog growling,lions growling,otter growling,air horn,"vehicle horn, car horn, honking",train horning,foghorn
JlmUCZKjkuY_000244,"playing violin, fiddle",playing cello,playing double bass,playing erhu,playing flute,playing clarinet,playing saxophone,playing oboe,playing bassoon,playing trumpet,playing trombone
JmBXrC4S5as_000525,forging swords,"cattle, bovinae cowbell",playing glockenspiel,wind chime,playing vibraphone,playing acoustic guitar,playing steelpan,playing gong,church bell ringing,playing cymbal,"playing marimba, xylophone"
JrbVM5zjdug_000030,playing electric guitar,playing acoustic guitar,playing ukulele,"playing steel guitar, slide guitar",playing banjo,playing harp,playing mandolin,playing sitar,playing bass guitar,playing zither,playing piano
Jrdarw46ALY_000306,blowtorch igniting,hair dryer drying,air conditioning noise,vacuum cleaner cleaning floors,bathroom ventilation fan running,running electric fan,wind noise,eletric blender running,waterfall burbling,"electric shaver, electric razor shaving",cutting hair with electric trimmers
K-JfatjTpQw_000119,hedge trimmer running,bathroom ventilation fan running,hair dryer drying,running electric fan,vacuum cleaner cleaning floors,eletric blender running,cutting hair with electric trimmers,"electric shaver, electric razor shaving",air conditioning noise,lawn mowing,car engine idling
K0Y8oGYR7lw_000010,disc scratching,beat boxing,reversing beeps,rapping,smoke detector beeping,lip smacking,"heart sounds, heartbeat",people coughing,metronome,dog barking,horse clip-clop
K1ASf4xAexc_000030,parrot talking,baby babbling,chicken clucking,duck quacking,pig oinking,frog croaking,dog barking,chipmunk chirping,mouse squeaking,goat bleating,sheep bleating
K3ByFtd0ugA_000148,playing oboe,playing clarinet,playing flute,playing bassoon,playing saxophone,playing trumpet,playing trombone,playing french horn,playing bagpipes,playing accordion,playing cello
K3dENGPyIqc_000050,playing hammond organ,playing electronic organ,playing synthesizer,playing accordion,playing harmonica,playing piano,playing flute,playing clarinet,playing saxophone,playing trumpet,playing trombone
K8BC9e4Bspg_000151,hammering nails,chopping wood,playing table tennis,mouse clicking,typing on typewriter,people finger snapping,woodpecker pecking tree,playing badminton,playing tennis,playing squash,playing castanets
KC-wRA_SwK0_000140,helicopter,running electric fan,bathroom ventilation fan running,air conditioning noise,hair dryer drying,vacuum cleaner cleaning floors,lawn mowing,eletric blender running,"electric shaver, electric razor shaving",car engine idling,wind noise
KGYzC7wySkI_000159,"bird chirping, tweeting",chipmunk chirping,warbler chirping,canary calling,mouse squeaking,frog croaking,chicken clucking,wood thrush calling,duck quacking,black capped chickadee calling,baltimore oriole calling
KHkVbX3cdcU_000127,wind chime,playing glockenspiel,playing vibraphone,playing steelpan,"playing marimba, xylophone",playing harp,playing zither,playing harpsichord,playing piano,"cattle, bovinae cowbell",playing tambourine
KIpOaDNuZG4_000110,eletric blender running,hair dryer drying,vacuum cleaner cleaning floors,running electric fan,bathroom ventilation fan running,air conditioning noise,"electric shaver, electric razor shaving",cutting hair with electric trimmers,lawn mowing,car engine idling,lathe spinning
KKYr8I5AxoQ_000006,sea waves,ocean burbling,waterfall burbling,stream burbling,raining,wind noise,tornado roaring,air conditioning noise,running electric fan,bathroom ventilation fan running,vacuum cleaner cleaning floors
KR5Iu9gyLXo_000030,playing bagpipes,playing didgeridoo,playing accordion,playing theremin,playing synthesizer,air conditioning noise,bathroom ventilation fan running,hair dryer drying,vacuum cleaner cleaning floors,running electric fan,wind noise
KXO4lC4LjxI_000095,lathe spinning,running electric fan,bathroom ventilation fan running,air conditioning noise,hair dryer drying,vacuum cleaner cleaning floors,eletric blender running,"electric shaver, electric razor shaving",cutting hair with electric trimmers,car engine idling,lawn mowing
KZdCMu_uTlI_000048,golf driving,door slamming,striking pool,bowling impact,shot football,firing cannon,strike lighter,opening or closing car doors,cupboard opening or closing,striking bowling,volcano explosion
Kc9mICcGqp8_000076,arc welding,fire crackling,raining,hail,wind rustling leaves,stream burbling,waterfall burbling,electric grinder grinding,"bee, wasp, etc. buzzing",mosquito buzzing,"fly, housefly buzzing"
KdBwrU3jrHw_000613,ripping paper,sheep bleating,goat bleating,cat meowing,plastic bottle crushing,opening or closing drawers,sliding door,cow lowing,"donkey, ass braying",cupboard opening or closing,writing on blackboard with chalk
KdIIocq3jeM_000409,lip smacking,mouse clicking,people finger snapping,playing castanets,typing on typewriter,hammering nails,woodpecker pecking tree,playing table tennis,playing badminton,playing tennis,playing squash
KhXcEu7r6m8_000030,playing synthesizer,playing electronic organ,playing hammond organ,playing theremin,playing accordion,playing flute,playing clarinet,playing saxophone,reversing beeps,playing harpsichord,playing bagpipes
KksMNKXuiNw_000012,cattle mooing,elephant trumpeting,"donkey, ass braying",goat bleating,sheep bleating,elk bugling,dog howling,coyote howling,goose honking,air horn,foghorn
KqSAGwa49MM_000030,playing harpsichord,playing piano,playing acoustic guitar,playing harp,playing ukulele,playing banjo,playing mandolin,playing zither,playing sitar,playing electric guitar,"playing marimba, xylophone"
Kt3KMQU1hJQ_000260,playing harp,playing acoustic guitar,playing ukulele,playing banjo,playing mandolin,playing zither,playing sitar,playing piano,playing electric guitar,playing harpsichord,playing vibraphone
KxxDWc08nSo_000028,playing guiro,playing washboard,metronome,reversing beeps,smoke detector beeping,"heart sounds, heartbeat",people marching,horse clip-clop,bouncing on trampoline,rope skipping,playing castanets
L5UDz2PJ9sk_000030,playing didgeridoo,playing bagpipes,playing theremin,people humming,air conditioning noise,bathroom ventilation fan running,running electric fan,hair dryer drying,vacuum cleaner cleaning floors,car engine idling,wind noise
L6V8S8U9iLs_000312,playing congas,playing bongo,playing djembe,playing tabla,playing timbales,playing snare drum,playing tambourine,"playing marimba, xylophone",playing steelpan,playing castanets,playing drum kit
L7E5Tv357Ys_000040,air conditioning noise,bathroom ventilation fan running,running electric fan,vacuum cleaner cleaning floors,hair dryer drying,car engine idling,eletric blender running,cutting hair with electric trimmers,"electric shaver, electric razor shaving",wind noise,cat purring
LAeWwMC2EaI_000030,playing electric guitar,playing acoustic guitar,playing ukulele,"playing steel guitar, slide guitar",playing banjo,playing harp,playing mandolin,playing sitar,playing bass guitar,playing zither,playing piano
LBXYlTnm0Fw_000054,lathe spinning,air conditioning noise,bathroom ventilation fan running,hair dryer drying,running electric fan,vacuum cleaner cleaning floors,lawn mowing,eletric blender running,"electric shaver, electric razor shaving",cutting hair with electric trimmers,wind noise
LC79lWBAlR4_000410,playing bassoon,playing oboe,playing clarinet,playing flute,playing saxophone,playing trumpet,playing trombone,playing french horn,playing cello,"playing violin, fiddle",playing accordion
LCoiDehvkWE_000312,playing shofar,playing trumpet,playing bugle,playing trombone,playing french horn,playing saxophone,air horn,playing clarinet,playing didgeridoo,playing flute,foghorn
LDDOczcTYxI_000147,cattle mooing,elephant trumpeting,"donkey, ass braying",goat bleating,sheep bleating,elk bugling,dog howling,coyote howling,goose honking,air horn,foghorn
LPvJFjsxMj8_000030,cat meowing,sheep bleating,goat bleating,cattle mooing,dog whimpering,"donkey, ass braying",coyote howling,owl hooting,elk bugling,dog barking,duck quacking
LTNgncM_otw_000010,plastic bottle crushing,chopping food,people eating crisps,ripping paper,dog barking,ice cracking,typing on computer keyboard,fire crackling,people coughing,tap dancing,duck quacking
LUfzlkl-Dac_000001,baby crying,dog howling,coyote howling,"donkey, ass braying",goat bleating,sheep bleating,cat caterwauling,cattle mooing,elk bugling,lions roaring,elephant trumpeting
LUg8N2STi2k_000540,playing theremin,civil defense siren,ambulance siren,fire truck siren,police car (siren),playing didgeridoo,playing bagpipes,hair dryer drying,running electric fan,air conditioning noise,vacuum cleaner cleaning floors
LVFYimyY7sU_000030,playing accordion,playing harmonica,playing bagpipes,playing electronic organ,playing synthesizer,playing clarinet,playing saxophone,playing flute,playing oboe,playing bassoon,playing trumpet
LaBLXBBiCw4_000075,"playing violin, fiddle",playing cello,playing double bass,playing flute,playing clarinet,playing saxophone,playing erhu,playing trumpet,playing trombone,playing oboe,playing accordion
Ld_6bCcNVI4_000290,hair dryer drying,bathroom ventilation fan running,vacuum cleaner cleaning floors,running electric fan,air conditioning noise,eletric blender running,"electric shaver, electric razor shaving",lawn mowing,cutting hair with electric trimmers,wind noise,car engine idling
Le2MGWRa_SE_000030,cat hissing,snake hissing,"alligators, crocodiles hissing",cat growling,dog growling,lions growling,sheep bleating,dog barking,cat meowing,people sneezing,cat caterwauling
LfXdaE7ph_I_000011,baby crying,baby babbling,dog barking,cat meowing,sheep bleating,goat bleating,duck quacking,chicken clucking,pig oinking,sea lion barking,people coughing
LnKNEwJ8LHg_000002,golf driving,door slamming,shot football,striking bowling,bowling impact,cap gun shooting,firing cannon,people slapping,strike lighter,playing darts,cupboard opening or closing
LpaMZAVe9Cg_000116,sharpen knife,planing timber,reversing beeps,horse clip-clop,"heart sounds, heartbeat",bouncing on trampoline,rope skipping,"rowboat, canoe, kayak rowing",people marching,tap dancing,metronome
Lrw6FUoD2Bc_000006,magpie calling,chipmunk chirping,mouse squeaking,frog croaking,dog barking,pig oinking,duck quacking,sheep bleating,goat bleating,baby laughter,people coughing
Lt7dagnE-3A_000070,printer printing,metronome,reversing beeps,smoke detector beeping,"heart sounds, heartbeat",horse clip-clop,rope skipping,people marching,bouncing on trampoline,cell phone buzzing,cricket chirping
LyIhmCTPLUc_000030,cat meowing,cattle mooing,sheep bleating,goat bleating,"donkey, ass braying",chicken crowing,coyote howling,dog howling,crow cawing,duck quacking,goose honking
LyYLLg9xE68_000002,golf driving,playing tennis,playing badminton,playing squash,playing table tennis,striking pool,playing darts,shot football,door slamming,cupboard opening or closing,people finger snapping
Lyj48v3SEzs_000075,lip smacking,mouse clicking,people finger snapping,playing castanets,hammering nails,typing on typewriter,playing table tennis,chopping food,woodpecker pecking tree,playing badminton,people clapping
Lyk2HM8_zbg_000118,writing on blackboard with chalk,typing on computer keyboard,typing on typewriter,chopping food,footsteps on snow,eating with cutlery,people shuffling,plastic bottle crushing,ripping paper,tap dancing,horse clip-clop
M0Iwz8p-3XU_000030,typing on typewriter,typing on computer keyboard,mouse clicking,playing castanets,woodpecker pecking tree,hammering nails,chopping wood,playing table tennis,playing badminton,people finger snapping,playing darts
M34hO-PqzpE_000050,vacuum cleaner cleaning floors,hair dryer drying,bathroom ventilation fan running,running electric fan,air conditioning noise,eletric blender running,"electric shaver, electric razor shaving",cutting hair with electric trimmers,lawn mowing,car engine idling,hedge trimmer running
M5xJm4N_8pg_000014,"playing steel guitar, slide guitar",playing acoustic guitar,playing electric guitar,playing banjo,playing mandolin,playing ukulele,playing sitar,playing harp,playing zither,playing bass guitar,playing double bass
M9vFSRWvpPg_000001,canary calling,chipmunk chirping,mouse squeaking,frog croaking,chicken clucking,duck quacking,pig oinking,dog barking,baby laughter,turkey gobbling,people coughing
MB23r3XMRNU_000023,dog baying,coyote howling,"donkey, ass braying",elk bugling,cat caterwauling,cattle mooing,goat bleating,sheep bleating,lions roaring,elephant trumpeting,bull bellowing
MBjlZQZ4Sns_000044,eletric blender running,hair dryer drying,vacuum cleaner cleaning floors,running electric fan,bathroom ventilation fan running,"electric shaver, electric razor shaving",cutting hair with electric trimmers,electric grinder grinding,air conditioning noise,lawn mowing,hedge trimmer running
MCiKNkQnN7w_000146,golf driving,playing tennis,playing badminton,playing squash,playing volleyball,shot football,striking pool,bowling impact,door slamming,cap gun shooting,people finger snapping
MDEdGhE2dUk_000030,printer printing,typing on typewriter,typing on computer keyboard,chopping food,dog barking,people coughing,horse clip-clop,bouncing on trampoline,people shuffling,cupboard opening or closing,opening or closing drawers
MHykFW1zgoA_000121,lathe spinning,bathroom ventilation fan running,running electric fan,hair dryer drying,air conditioning noise,vacuum cleaner cleaning floors,eletric blender running,cutting hair with electric trimmers,"electric shaver, electric razor shaving",lawn mowing,car engine idling
MLHEeVVOx-E_000181,lip smacking,mouse clicking,people finger snapping,typing on typewriter,playing castanets,hammering nails,woodpecker pecking tree,playing table tennis,playing darts,striking pool,cap gun shooting
MN-NfHbxdQE_000107,playing timpani,playing bass drum,playing gong,playing cymbal,playing vibraphone,playing glockenspiel,"playing marimba, xylophone",playing steelpan,church bell ringing,"cattle, bovinae cowbell",singing bowl
MQ6ckvo-f2k_000050,lighting firecrackers,strike lighter,blowtorch igniting,door slamming,cap gun shooting,people sneezing,people coughing,people burping,dog barking,car engine starting,toilet flushing
MT0ujxJyAvs_000108,eletric blender running,hair dryer drying,vacuum cleaner cleaning floors,running electric fan,bathroom ventilation fan running,air conditioning noise,"electric shaver, electric razor shaving",cutting hair with electric trimmers,electric grinder grinding,lawn mowing,lathe spinning
MV3oOUCBNWM_000439,playing drum kit,playing snare drum,metronome,horse clip-clop,playing bongo,playing castanets,playing congas,playing timbales,playing tambourine,"heart sounds, heartbeat",rope skipping
MYLbHRi-eXA_000039,driving snowmobile,driving motorcycle,driving buses,lawn mowing,helicopter,airplane,vacuum cleaner cleaning floors,hair dryer drying,running electric fan,air conditioning noise,bathroom ventilation fan running
MZFo739aKwI_000109,cattle mooing,elephant trumpeting,"donkey, ass braying",goat bleating,sheep bleating,elk bugling,dog howling,coyote howling,goose honking,air horn,foghorn
MabWpP62b1E_000168,coyote howling,dog howling,elk bugling,"donkey, ass braying",cat caterwauling,lions roaring,elephant trumpeting,baby crying,foghorn,air horn,train whistling
MgD5JedaXGs_000020,dog barking,chicken clucking,duck quacking,pig oinking,frog croaking,sheep bleating,goat bleating,turkey gobbling,mouse squeaking,baby laughter,people coughing
Mmq9YFHY_80_000000,ripping paper,"vehicle horn, car horn, honking",train whistling,air horn,sliding door,opening or closing drawers,dog howling,cat meowing,sheep bleating,cow lowing,people screaming
MnH4tzgKXVc_000030,chainsawing trees,lawn mowing,hedge trimmer running,vacuum cleaner cleaning floors,hair dryer drying,running electric fan,bathroom ventilation fan running,air conditioning noise,cutting hair with electric trimmers,"electric shaver, electric razor shaving",eletric blender running
Mt4F5APXeqI_000838,lip smacking,mouse clicking,people finger snapping,typing on computer keyboard,playing castanets,popping popcorn,hammering nails,people clapping,playing table tennis,playing badminton,cap gun shooting
My0YmR6tYAk_000060,vacuum cleaner cleaning floors,hair dryer drying,running electric fan,bathroom ventilation fan running,air conditioning noise,eletric blender running,"electric shaver, electric razor shaving",cutting hair with electric trimmers,lawn mowing,car engine idling,lathe spinning
N0uNunAKh7w_000251,playing bongo,playing congas,playing djembe,playing tabla,playing timbales,playing snare drum,playing castanets,metronome,horse clip-clop,tap dancing,playing tambourine
N2CdQ4bWCkE_000022,cutting hair with electric trimmers,hair dryer drying,vacuum cleaner cleaning floors,running electric fan,bathroom ventilation fan running,air conditioning noise,eletric blender running,lawn mowing,chainsawing trees,electric grinder grinding,"bee, wasp, etc. buzzing"
N7_5mcVZgO8_000042,playing guiro,playing washboard,playing castanets,playing tambourine,playing bongo,playing congas,playing djembe,playing snare drum,playing timbales,playing tabla,reversing beeps
N8ImCT_PxL8_000070,singing bowl,playing didgeridoo,playing theremin,air conditioning noise,bathroom ventilation fan running,running electric fan,vacuum cleaner cleaning floors,hair dryer drying,car engine idling,cat purring,wind noise
NAdLwXCxpS0_000162,planing timber,electric grinder grinding,cutting hair with electric trimmers,"electric shaver, electric razor shaving",chainsawing trees,"engine accelerating, revving, vroom",cow lowing,sheep bleating,goat bleating,"donkey, ass braying",train whistling
NEm4vbonbH4_000076,francolin calling,duck quacking,crow cawing,cuckoo bird calling,reversing beeps,goose honking,metronome,smoke detector beeping,turkey gobbling,chicken clucking,"heart sounds, heartbeat"
NF1lwZ24RYI_000030,dog barking,chicken clucking,duck quacking,pig oinking,frog croaking,sheep bleating,goat bleating,turkey gobbling,mouse squeaking,baby laughter,people coughing
NIuu97_y33A_000030,playing double bass,playing bass guitar,playing cello,playing acoustic guitar,playing electric guitar,playing banjo,playing ukulele,playing mandolin,playing harp,playing sitar,"playing violin, fiddle"
NJUl3gPX07o_000030,chainsawing trees,"engine accelerating, revving, vroom",driving motorcycle,driving snowmobile,hedge trimmer running,electric grinder grinding,lawn mowing,cutting hair with electric trimmers,"electric shaver, electric razor shaving","race car, auto racing",eletric blender running
NMl7j-Q1DEE_000035,playing bassoon,playing oboe,playing clarinet,playing saxophone,playing flute,playing french horn,playing trumpet,playing trombone,playing cello,playing accordion,playing harmonica
NWiIxxkld1U_000004,horse clip-clop,hammering nails,woodpecker pecking tree,playing castanets,typing on typewriter,people clapping,playing table tennis,basketball bounce,playing badminton,playing tennis,mouse clicking
NdqYvzceNo0_000001,playing shofar,playing trumpet,playing trombone,playing french horn,playing bugle,playing saxophone,playing clarinet,playing flute,playing oboe,playing bagpipes,playing accordion
Ng9bw-BkB94_000030,eletric blender running,hair dryer drying,vacuum cleaner cleaning floors,"electric shaver, electric razor shaving",cutting hair with electric trimmers,lawn mowing,running electric fan,bathroom ventilation fan running,air conditioning noise,electric grinder grinding,car engine idling
Ns9Zf0DrFlk_000212,cat meowing,dog whimpering,sheep bleating,goat bleating,cattle mooing,"donkey, ass braying",pig oinking,chicken crowing,coyote howling,dog howling,baby crying
NsUPB1V0c50_000099,arc welding,bathroom ventilation fan running,hair dryer drying,vacuum cleaner cleaning floors,running electric fan,air conditioning noise,"electric shaver, electric razor shaving",cutting hair with electric trimmers,car engine idling,lawn mowing,wind noise
NuqLe9Svlio_000443,playing erhu,"playing violin, fiddle",playing cello,playing double bass,playing theremin,playing bagpipes,playing didgeridoo,playing flute,playing clarinet,playing oboe,playing synthesizer
NwjeIU2xKE8_000238,hammering nails,chopping wood,woodpecker pecking tree,playing castanets,mouse clicking,people finger snapping,playing table tennis,playing badminton,playing tennis,playing squash,typing on typewriter
NwpT3VmaDGE_000205,playing bassoon,playing oboe,playing clarinet,playing flute,playing saxophone,playing trumpet,playing trombone,playing french horn,playing cello,playing double bass,"playing violin, fiddle"
NzvkMWY4EjA_000030,playing electric guitar,playing acoustic guitar,playing ukulele,playing bass guitar,playing banjo,playing mandolin,"playing steel guitar, slide guitar",playing harp,playing sitar,playing zither,playing piano
O41WqVK8Cjw_000100,playing shofar,playing bugle,playing trumpet,playing trombone,playing french horn,playing didgeridoo,air horn,foghorn,playing saxophone,playing clarinet,playing bagpipes
O9KZqw2dyXM_000024,dog growling,cat growling,lions growling,otter growling,coyote howling,cattle mooing,bull bellowing,"donkey, ass braying",cat caterwauling,dog howling,dog whimpering
OKdBVhH7gOY_000590,playing synthesizer,playing electronic organ,playing hammond organ,playing harpsichord,"playing marimba, xylophone",playing steelpan,playing glockenspiel,playing vibraphone,reversing beeps,playing piano,playing accordion
OLRKXIQi9z4_000023,baby laughter,people giggling,people sniggering,baby babbling,people hiccup,people coughing,dog barking,duck quacking,pig oinking,sheep bleating,people sneezing
OQuFLgQSj0k_000044,baby laughter,people giggling,people sniggering,baby babbling,people hiccup,people coughing,dog barking,duck quacking,pig oinking,sheep bleating,people sneezing
OWuMapsvJ3w_000050,chainsawing trees,hedge trimmer running,lawn mowing,cutting hair with electric trimmers,"electric shaver, electric razor shaving",eletric blender running,vacuum cleaner cleaning floors,hair dryer drying,running electric fan,bathroom ventilation fan running,air conditioning noise
OaSK8a6BbWg_000020,baby laughter,people giggling,people sniggering,baby babbling,people hiccup,people coughing,dog barking,duck quacking,pig oinking,sheep bleating,people sneezing
Od58AkKIPnA_000060,lathe spinning,"rowboat, canoe, kayak rowing",planing timber,pumping water,reversing beeps,smoke detector beeping,baby crying,bouncing on trampoline,metronome,"heart sounds, heartbeat",using sewing machines
Oew6XicL4Ks_000150,people whistling,dog howling,coyote howling,cat meowing,cattle mooing,sheep bleating,goat bleating,"vehicle horn, car horn, honking",train whistling,people screaming,yodelling
Oges40Anr3M_000459,ripping paper,plastic bottle crushing,sliding door,opening or closing drawers,cupboard opening or closing,strike lighter,people nose blowing,people farting,blowtorch igniting,toilet flushing,writing on blackboard with chalk
OlBxrpelaUE_000040,playing tambourine,playing bongo,playing congas,playing djembe,playing timbales,playing castanets,"playing marimba, xylophone",playing vibraphone,playing glockenspiel,metronome,reversing beeps
OmlvTSN8aeo_000033,"bird chirping, tweeting",warbler chirping,canary calling,chipmunk chirping,black capped chickadee calling,wood thrush calling,baltimore oriole calling,barn swallow calling,mouse squeaking,cheetah chirrup,frog croaking
OnRh-5IRG3A_000000,machine gun shooting,cap gun shooting,hammering nails,woodpecker pecking tree,playing snare drum,playing castanets,typing on typewriter,people clapping,mouse clicking,playing table tennis,chopping wood
Onj6sJIPj7M_000006,arc welding,blowtorch igniting,hair dryer drying,vacuum cleaner cleaning floors,eletric blender running,sliding door,toilet flushing,air horn,foghorn,train whistling,ripping paper
OugiXVgs0tA_000069,blowtorch igniting,hair dryer drying,vacuum cleaner cleaning floors,air conditioning noise,bathroom ventilation fan running,running electric fan,eletric blender running,cutting hair with electric trimmers,"electric shaver, electric razor shaving",wind noise,waterfall burbling
Owg_XU9XmRM_000030,driving buses,car engine idling,driving motorcycle,driving snowmobile,air conditioning noise,bathroom ventilation fan running,running electric fan,vacuum cleaner cleaning floors,hair dryer drying,lawn mowing,helicopter
P8Uwpp00DBk_000000,pheasant crowing,chicken crowing,francolin calling,crow cawing,duck quacking,goose honking,turkey gobbling,dog barking,pig oinking,sheep bleating,goat bleating
PB3i02Cjf1k_000030,playing electric guitar,playing acoustic guitar,"playing steel guitar, slide guitar",playing bass guitar,playing ukulele,playing banjo,playing mandolin,playing harp,playing sitar,playing zither,playing piano
PCPIm_NB-ec_000781,playing drum kit,playing snare drum,metronome,horse clip-clop,playing bongo,playing castanets,playing congas,playing timbales,playing tambourine,"heart sounds, heartbeat",rope skipping
PFR3S6jN0Ng_000030,playing electronic organ,playing hammond organ,playing synthesizer,playing accordion,playing harmonica,playing bagpipes,playing flute,playing clarinet,playing oboe,playing saxophone,playing theremin
PJmIra-c8cc_000173,"playing violin, fiddle",playing cello,playing double bass,playing erhu,playing accordion,playing harmonica,playing flute,playing clarinet,playing saxophone,playing trumpet,playing oboe
PJnn-wMPU9w_000040,mouse pattering,typing on computer keyboard,typing on typewriter,mouse clicking,playing castanets,woodpecker pecking tree,chopping food,people finger snapping,playing table tennis,playing badminton,hammering nails
PLSAAmBa0Rc_000310,helicopter,running electric fan,bathroom ventilation fan running,air conditioning noise,hair dryer drying,vacuum cleaner cleaning floors,"electric shaver, electric razor shaving",cutting hair with electric trimmers,eletric blender running,lawn mowing,car engine idling
PNcdB7ptDis_000004,people finger snapping,people clapping,playing castanets,mouse clicking,hammering nails,playing table tennis,playing badminton,playing tennis,playing squash,basketball bounce,striking pool
PRriMdEO23I_000179,playing shofar,playing trumpet,playing trombone,playing french horn,playing bugle,playing saxophone,playing clarinet,playing oboe,playing bassoon,playing didgeridoo,air horn
PS_MJe02QQo_000046,volcano explosion,firing cannon,firing muskets,fireworks banging,door slamming,bowling impact,shot football,cupboard opening or closing,opening or closing car doors,cap gun shooting,thunder
PSkh8-ww1qI_000145,"male speech, man speaking","female speech, woman speaking","child speech, kid speaking",people whispering,baby babbling,parrot talking,male singing,female singing,yodelling,cat meowing,sheep bleating
PU6NmaI_JOc_000030,"female speech, woman speaking","male speech, man speaking","child speech, kid speaking",people whispering,female singing,male singing,child singing,baby babbling,rapping,yodelling,people humming
PZACLpEasFU_000030,typing on computer keyboard,typing on typewriter,mouse clicking,playing castanets,hammering nails,woodpecker pecking tree,playing table tennis,playing darts,people finger snapping,chopping wood,striking pool
PaQGXIh94uc_000150,playing ukulele,playing acoustic guitar,playing banjo,playing mandolin,playing electric guitar,"playing steel guitar, slide guitar",playing sitar,playing harp,playing zither,playing bass guitar,playing harpsichord
PaZ4aVEsPsE_000019,"playing violin, fiddle",playing cello,playing erhu,playing double bass,playing flute,playing clarinet,playing saxophone,playing trumpet,playing trombone,playing accordion,playing harmonica
PayI-T_mgto_000030,airplane,helicopter,driving snowmobile,driving motorcycle,car engine idling,lawn mowing,vacuum cleaner cleaning floors,hair dryer drying,running electric fan,air conditioning noise,bathroom ventilation fan running
PeN0BUbCdVE_000030,printer printing,reversing beeps,smoke detector beeping,"heart sounds, heartbeat",bouncing on trampoline,horse clip-clop,rope skipping,people marching,cell phone buzzing,basketball bounce,metronome
PfF-ishRsno_000048,playing bongo,playing congas,playing djembe,playing tabla,playing timbales,playing snare drum,playing tambourine,playing castanets,playing drum kit,tapping guitar,people clapping
PsfcOZvBcQk_000024,playing guiro,playing washboard,playing tambourine,playing bongo,playing congas,playing djembe,playing timbales,playing tabla,tapping guitar,chopping food,playing castanets
Pswmht-tZZM_000038,driving snowmobile,driving motorcycle,"race car, auto racing","motorboat, speedboat acceleration",lawn mowing,chainsawing trees,helicopter,airplane,car engine idling,hair dryer drying,vacuum cleaner cleaning floors
PuvTDLP8lwM_000030,typing on computer keyboard,typing on typewriter,mouse clicking,playing castanets,hammering nails,woodpecker pecking tree,playing table tennis,people finger snapping,chopping wood,playing darts,striking pool
Pv6BhKDXpHE_000026,chopping wood,hammering nails,chopping food,playing table tennis,playing badminton,playing darts,striking pool,mouse clicking,people finger snapping,cap gun shooting,typing on typewriter
PvBz9_Uhl7M_000027,people running,people marching,horse clip-clop,rope skipping,"heart sounds, heartbeat",bouncing on trampoline,reversing beeps,metronome,smoke detector beeping,tap dancing,"rowboat, canoe, kayak rowing"
Q0mehqX4YGg_000035,plastic bottle crushing,ripping paper,people eating crisps,ice cracking,fire crackling,typing on computer keyboard,chopping food,tap dancing,people coughing,dog barking,typing on typewriter
Q22V0AgIHr8_000103,baltimore oriole calling,chipmunk chirping,mouse squeaking,frog croaking,chicken clucking,duck quacking,pig oinking,dog barking,sheep bleating,goat bleating,people coughing
QD_0GX7J2IE_000050,splashing water,sloshing water,spraying water,raining,waterfall burbling,stream burbling,underwater bubbling,ocean burbling,hail,fire crackling,squishing water
QMc3zhoaU-Y_000057,chipmunk chirping,metronome,reversing beeps,smoke detector beeping,"heart sounds, heartbeat",cricket chirping,bouncing on trampoline,warbler chirping,canary calling,black capped chickadee calling,"bird chirping, tweeting"
QMrxyrv_KXc_000226,volcano explosion,firing cannon,firing muskets,cap gun shooting,door slamming,blowtorch igniting,strike lighter,people burping,people sneezing,people coughing,plastic bottle crushing
QPPapHk6lmU_000384,beat boxing,metronome,reversing beeps,"heart sounds, heartbeat",bouncing on trampoline,rope skipping,people marching,playing bongo,playing tabla,playing tambourine,smoke detector beeping
QTT0Cc70d5k_000048,playing harpsichord,playing piano,playing acoustic guitar,playing ukulele,playing banjo,playing mandolin,playing harp,playing zither,playing sitar,playing electric guitar,"playing marimba, xylophone"
QUX611hihf4_000190,playing accordion,playing electronic organ,playing hammond organ,playing synthesizer,playing harmonica,playing bagpipes,playing clarinet,playing saxophone,playing flute,playing oboe,playing trumpet
QUygd54m8uc_000112,playing trombone,playing trumpet,playing french horn,playing saxophone,playing clarinet,playing flute,playing oboe,playing bassoon,playing cornet,playing bugle,playing accordion
QWxrKBmwNw0_000030,typing on typewriter,typing on computer keyboard,mouse clicking,playing castanets,woodpecker pecking tree,hammering nails,chopping wood,playing table tennis,playing badminton,people finger snapping,chopping food
QZWJoKvjWgY_000048,cheetah chirrup,chipmunk chirping,"bird chirping, tweeting",mouse squeaking,chicken clucking,frog croaking,dog whimpering,pig oinking,duck quacking,chinchilla barking,ferret dooking
QalzlvZGJEw_000383,lip smacking,people coughing,people sneezing,people hiccup,people burping,dog barking,pig oinking,duck quacking,frog croaking,chicken clucking,people eating apple
QdBB80CWUWU_000201,lip smacking,people hiccup,people coughing,people sniggering,people burping,dog barking,pig oinking,duck quacking,frog croaking,chicken clucking,people giggling
Qia8L6PBFXE_000056,eletric blender running,hair dryer drying,vacuum cleaner cleaning floors,"electric shaver, electric razor shaving",cutting hair with electric trimmers,electric grinder grinding,hedge trimmer running,chainsawing trees,using sewing machines,running electric fan,lawn mowing
Qj3ptAKRGQg_000031,parrot talking,dog barking,duck quacking,chicken clucking,pig oinking,sheep bleating,goat bleating,frog croaking,crow cawing,turkey gobbling,people coughing
QmENgS2Fk88_000023,cuckoo bird calling,reversing beeps,smoke detector beeping,metronome,"heart sounds, heartbeat",horse clip-clop,bouncing on trampoline,rope skipping,cricket chirping,"pigeon, dove cooing",owl hooting
QrUXDAhP3Fg_000030,firing cannon,machine gun shooting,"heart sounds, heartbeat",reversing beeps,smoke detector beeping,bouncing on trampoline,metronome,horse clip-clop,people marching,car engine knocking,rope skipping
Qs7BbDiOqZ0_000006,"donkey, ass braying",zebra braying,penguins braying,goat bleating,sheep bleating,cattle mooing,dog howling,coyote howling,elk bugling,gibbon howling,reversing beeps
Quqx2Iga5b8_000086,chipmunk chirping,reversing beeps,smoke detector beeping,metronome,"heart sounds, heartbeat",cricket chirping,horse clip-clop,bouncing on trampoline,rope skipping,car engine knocking,people marching
Qw468qlDaAE_000180,playing synthesizer,playing electronic organ,playing hammond organ,playing theremin,playing accordion,playing flute,playing clarinet,playing saxophone,reversing beeps,playing harpsichord,playing bagpipes
QxWre8D5a8c_000155,"male speech, man speaking","female speech, woman speaking","child speech, kid speaking",baby babbling,air conditioning noise,vacuum cleaner cleaning floors,hair dryer drying,lawn mowing,running electric fan,wind noise,car engine idling
Qzld9zDqrHI_000079,forging swords,"cattle, bovinae cowbell",playing glockenspiel,playing steelpan,wind chime,playing cymbal,playing gong,playing vibraphone,"playing marimba, xylophone",playing acoustic guitar,playing ukulele
R-dvwqS5vLQ_000033,planing timber,electric grinder grinding,chainsawing trees,lathe spinning,hedge trimmer running,eletric blender running,hair dryer drying,vacuum cleaner cleaning floors,cutting hair with electric trimmers,"electric shaver, electric razor shaving",lawn mowing
R05dToeNqng_000580,lawn mowing,bathroom ventilation fan running,air conditioning noise,hair dryer drying,vacuum cleaner cleaning floors,running electric fan,eletric blender running,"electric shaver, electric razor shaving",cutting hair with electric trimmers,car engine idling,helicopter
R1RGIgC-xKw_000030,playing banjo,playing mandolin,playing ukulele,playing acoustic guitar,playing electric guitar,playing sitar,playing zither,playing harp,playing harpsichord,"playing marimba, xylophone",playing piano
R1zoAMguO3A_000150,helicopter,airplane,lawn mowing,vacuum cleaner cleaning floors,hair dryer drying,air conditioning noise,bathroom ventilation fan running,running electric fan,car engine idling,driving motorcycle,eletric blender running
R2Aq_j1TDSs_000040,airplane,air conditioning noise,bathroom ventilation fan running,hair dryer drying,vacuum cleaner cleaning floors,running electric fan,car engine idling,eletric blender running,cutting hair with electric trimmers,wind noise,waterfall burbling
R4b_-IT43P4_000030,playing electric guitar,"playing steel guitar, slide guitar",playing acoustic guitar,playing bass guitar,playing ukulele,playing banjo,playing mandolin,playing sitar,playing harp,playing zither,playing cello
R4jlQEweREY_000030,playing didgeridoo,air conditioning noise,bathroom ventilation fan running,hair dryer drying,vacuum cleaner cleaning floors,running electric fan,cat purring,lawn mowing,helicopter,car engine idling,wind noise
R5K3km8Fbs8_000019,printer printing,bouncing on trampoline,horse clip-clop,reversing beeps,metronome,smoke detector beeping,"heart sounds, heartbeat",rope skipping,cell phone buzzing,people marching,typing on typewriter
R6qqlyIDHfM_000006,"female speech, woman speaking","male speech, man speaking","child speech, kid speaking",people whispering,baby babbling,parrot talking,dog barking,people coughing,people giggling,duck quacking,pig oinking
RGTWqZoswAo_000030,playing didgeridoo,playing bagpipes,playing harmonica,playing accordion,playing synthesizer,playing electronic organ,playing hammond organ,helicopter,cell phone buzzing,beat boxing,yodelling
RJtn6Td3rco_000068,missile launch,tornado roaring,volcano explosion,airplane flyby,car passing by,helicopter,"motorboat, speedboat acceleration","engine accelerating, revving, vroom",foghorn,civil defense siren,air horn
RMX2aviLZdo_000070,using sewing machines,metronome,"heart sounds, heartbeat",horse clip-clop,people marching,rope skipping,car engine knocking,woodpecker pecking tree,printer printing,reversing beeps,cell phone buzzing
RObYRwt7b8U_000189,playing tambourine,metronome,horse clip-clop,"heart sounds, heartbeat",people marching,rope skipping,playing castanets,tap dancing,reversing beeps,smoke detector beeping,playing table tennis
RQIVLqDLQzA_000050,using sewing machines,cutting hair with electric trimmers,printer printing,"electric shaver, electric razor shaving",chainsawing trees,eletric blender running,"engine accelerating, revving, vroom",hair dryer drying,vacuum cleaner cleaning floors,hedge trimmer running,dog howling
RcVJVUfXWgU_000120,playing electronic organ,playing hammond organ,playing synthesizer,playing accordion,playing flute,playing clarinet,playing saxophone,playing harmonica,playing cello,playing trumpet,"playing violin, fiddle"
Rhl5nDCU0u0_000060,playing harp,playing acoustic guitar,playing ukulele,playing banjo,playing mandolin,playing sitar,playing zither,playing electric guitar,playing piano,playing harpsichord,"playing marimba, xylophone"
Rk5dBZo4aFA_000030,playing bagpipes,playing didgeridoo,air conditioning noise,vacuum cleaner cleaning floors,hair dryer drying,running electric fan,bathroom ventilation fan running,car engine idling,lawn mowing,helicopter,waterfall burbling
Rm2XQrio0QE_000099,playing bongo,playing congas,playing djembe,playing tabla,playing timbales,playing snare drum,playing castanets,playing tambourine,people clapping,tapping guitar,typing on typewriter
RtXrVvUM8Jo_000013,people finger snapping,mouse clicking,playing darts,striking pool,golf driving,bowling impact,door slamming,cap gun shooting,people slapping,shot football,hammering nails
RuHSkgQf3uw_000019,playing timbales,playing snare drum,playing bongo,playing congas,playing djembe,playing drum kit,playing tabla,playing castanets,playing tambourine,woodpecker pecking tree,hammering nails
RxhbTLS3rNo_000002,dog growling,cat growling,lions growling,otter growling,cattle mooing,sheep bleating,goat bleating,"donkey, ass braying",coyote howling,horse neighing,cat caterwauling
S1glY1D9qDU_000035,hedge trimmer running,lawn mowing,hair dryer drying,vacuum cleaner cleaning floors,air conditioning noise,bathroom ventilation fan running,running electric fan,eletric blender running,"electric shaver, electric razor shaving",cutting hair with electric trimmers,car engine idling
S63LEKmzBis_000039,lathe spinning,running electric fan,bathroom ventilation fan running,air conditioning noise,hair dryer drying,vacuum cleaner cleaning floors,eletric blender running,"electric shaver, electric razor shaving",cutting hair with electric trimmers,lawn mowing,car engine idling
S86Ql_59KMI_000211,playing erhu,"playing violin, fiddle",playing cello,playing double bass,playing theremin,playing accordion,playing bagpipes,playing flute,playing clarinet,playing saxophone,playing trombone
SAf8CL1pMFY_000102,playing double bass,playing bass guitar,playing cello,playing acoustic guitar,playing electric guitar,playing banjo,playing ukulele,playing mandolin,playing harp,playing sitar,"playing violin, fiddle"
SHuQTeX-3Ms_000209,wind chime,playing glockenspiel,playing vibraphone,"cattle, bovinae cowbell",playing acoustic guitar,playing harp,playing zither,playing banjo,playing mandolin,playing ukulele,playing cymbal
SIZ5WUVzAMk_000216,"race car, auto racing",airplane flyby,car passing by,ambulance siren,fire truck siren,police car (siren),train whistling,foghorn,air horn,"vehicle horn, car horn, honking",missile launch
STdAr1JNXIU_000190,helicopter,airplane,air conditioning noise,bathroom ventilation fan running,hair dryer drying,vacuum cleaner cleaning floors,running electric fan,lawn mowing,driving snowmobile,driving motorcycle,car engine idling
STrIfVNpIGc_000006,playing shofar,playing trumpet,playing trombone,playing french horn,playing bugle,playing saxophone,playing clarinet,playing flute,"vehicle horn, car horn, honking",air horn,playing bagpipes
SVsg07esckU_000080,hair dryer drying,bathroom ventilation fan running,running electric fan,vacuum cleaner cleaning floors,air conditioning noise,eletric blender running,"electric shaver, electric razor shaving",cutting hair with electric trimmers,lawn mowing,lathe spinning,wind noise
SYH5NqTtNsI_000030,playing flute,playing clarinet,playing saxophone,playing oboe,playing bassoon,playing trumpet,playing trombone,playing french horn,playing bagpipes,playing didgeridoo,playing accordion
SgfHJ5fkMiY_000040,playing drum kit,playing snare drum,metronome,horse clip-clop,playing bongo,playing castanets,playing congas,playing timbales,playing tambourine,"heart sounds, heartbeat",rope skipping
Skrr-UgHeHg_000008,lions growling,dog growling,cat growling,bull bellowing,cow lowing,"donkey, ass braying",horse neighing,sheep bleating,goat bleating,"alligators, crocodiles hissing",otter growling
So8G7UXguNA_000077,tractor digging,car engine idling,lawn mowing,air conditioning noise,bathroom ventilation fan running,hair dryer drying,vacuum cleaner cleaning floors,running electric fan,eletric blender running,"electric shaver, electric razor shaving",cutting hair with electric trimmers
Swien0oGl7o_000090,playing banjo,playing acoustic guitar,playing electric guitar,playing ukulele,playing mandolin,"playing steel guitar, slide guitar",playing harp,playing zither,playing sitar,playing bass guitar,playing double bass
SzY85V52hgo_000016,coyote howling,dog howling,cat caterwauling,elk bugling,gibbon howling,"donkey, ass braying",elephant trumpeting,lions roaring,train whistling,cattle mooing,baby crying
T0nvf328Ll4_000013,"donkey, ass braying",zebra braying,penguins braying,sheep bleating,goat bleating,cattle mooing,dog howling,coyote howling,gibbon howling,elk bugling,chicken crowing
T1rrvpQtj-U_000004,lathe spinning,hair dryer drying,vacuum cleaner cleaning floors,running electric fan,air conditioning noise,bathroom ventilation fan running,lawn mowing,eletric blender running,"electric shaver, electric razor shaving",cutting hair with electric trimmers,hedge trimmer running
T7fsXVDXFQo_000300,playing erhu,"playing violin, fiddle",playing cello,playing theremin,playing double bass,playing saxophone,playing flute,playing clarinet,playing trumpet,playing trombone,playing accordion
TAJ8u7TjF6Q_000138,writing on blackboard with chalk,typing on computer keyboard,typing on typewriter,chopping food,popping popcorn,dog barking,duck quacking,pig oinking,lip smacking,footsteps on snow,eating with cutlery
TUjlH1HqPEE_000364,blowtorch igniting,hair dryer drying,vacuum cleaner cleaning floors,bathroom ventilation fan running,air conditioning noise,running electric fan,tornado roaring,wind noise,waterfall burbling,raining,car engine idling
Ta9R_TuzIUM_000341,driving snowmobile,driving motorcycle,"motorboat, speedboat acceleration","race car, auto racing",driving buses,car engine idling,lawn mowing,chainsawing trees,helicopter,vacuum cleaner cleaning floors,hair dryer drying
TdpZLhPN_WM_000074,"bird chirping, tweeting",warbler chirping,canary calling,chipmunk chirping,mouse squeaking,wood thrush calling,black capped chickadee calling,frog croaking,chicken clucking,ferret dooking,chinchilla barking
Tfv2TARaCfg_000079,tap dancing,playing castanets,typing on typewriter,typing on computer keyboard,woodpecker pecking tree,hammering nails,playing table tennis,people clapping,people finger snapping,chopping food,mouse clicking
TkrtTUPxHNI_000030,playing harpsichord,playing acoustic guitar,playing ukulele,playing banjo,playing mandolin,playing harp,playing zither,playing sitar,playing piano,playing electric guitar,playing bass guitar
TmJZxQ_Lo8M_000147,playing timpani,playing bass drum,playing gong,playing cymbal,playing vibraphone,playing glockenspiel,"playing marimba, xylophone",playing steelpan,church bell ringing,"cattle, bovinae cowbell",singing bowl
TpU5dZlW2pg_000040,"male speech, man speaking","female speech, woman speaking","child speech, kid speaking",male singing,female singing,people whispering,rapping,baby babbling,people humming,baby crying,yodelling
TslB1VMKXmM_000010,toilet flushing,spraying water,sloshing water,people gargling,car passing by,airplane flyby,blowtorch igniting,car engine starting,splashing water,dog howling,baby crying
Tu1BmVrerAw_000330,hair dryer drying,vacuum cleaner cleaning floors,running electric fan,air conditioning noise,bathroom ventilation fan running,eletric blender running,"electric shaver, electric razor shaving",cutting hair with electric trimmers,lawn mowing,wind noise,car engine idling
U4LITdDmjvg_000011,toilet flushing,spraying water,sloshing water,splashing water,people gargling,foghorn,air horn,car passing by,airplane flyby,coyote howling,dog howling
U9o30JY6aYc_000030,cap gun shooting,hammering nails,chopping wood,woodpecker pecking tree,playing snare drum,playing castanets,typing on typewriter,people clapping,mouse clicking,people finger snapping,playing table tennis
UFcUTwPlFAU_000019,baby crying,people sobbing,dog whimpering,cat caterwauling,baby babbling,"donkey, ass braying",goat bleating,sheep bleating,dog howling,coyote howling,people screaming
UFyOGqmITjM_000000,"playing violin, fiddle",playing cello,playing double bass,playing flute,playing clarinet,playing saxophone,playing erhu,playing trumpet,playing trombone,playing oboe,playing accordion
UIll96Hdmd4_000094,parrot talking,"child speech, kid speaking","male speech, man speaking","female speech, woman speaking",baby babbling,dog barking,duck quacking,pig oinking,sheep bleating,goat bleating,chicken clucking
URXTbbVjq70_000040,playing squash,playing tennis,playing badminton,playing table tennis,basketball bounce,playing darts,striking pool,golf driving,hammering nails,chopping wood,people finger snapping
UcRfbzTOipc_000050,splashing water,sloshing water,squishing water,stream burbling,waterfall burbling,underwater bubbling,ocean burbling,raining,swimming,hail,scuba diving
UhEQ1E8XPp4_000003,chicken clucking,duck quacking,pig oinking,dog barking,frog croaking,sheep bleating,goat bleating,turkey gobbling,goose honking,crow cawing,sea lion barking
UpMhsxYAadk_000108,playing bongo,playing congas,playing djembe,playing tabla,playing timbales,playing snare drum,playing tambourine,playing castanets,playing drum kit,tapping guitar,people clapping
UrUJ9tUJynA_000030,child singing,female singing,male singing,yodelling,people humming,singing choir,baby crying,dog howling,coyote howling,cat caterwauling,baby babbling
UsdoUjuczY4_000030,playing drum kit,playing snare drum,metronome,horse clip-clop,playing bongo,playing castanets,playing congas,playing timbales,playing tambourine,"heart sounds, heartbeat",rope skipping
UxZYiE92UYQ_000152,footsteps on snow,horse clip-clop,people marching,tap dancing,bouncing on trampoline,"heart sounds, heartbeat",reversing beeps,rope skipping,"rowboat, canoe, kayak rowing",metronome,smoke detector beeping
UzUTFdlYT68_000055,owl hooting,coyote howling,dog howling,elk bugling,cattle mooing,"donkey, ass braying",goose honking,sheep bleating,goat bleating,lions roaring,elephant trumpeting
V2OjPsg7ydY_000060,machine gun shooting,cap gun shooting,firing muskets,hammering nails,woodpecker pecking tree,playing snare drum,playing castanets,typing on typewriter,people clapping,basketball bounce,mouse clicking
V2YcUPfFy6U_000335,hedge trimmer running,lawn mowing,chainsawing trees,cutting hair with electric trimmers,"electric shaver, electric razor shaving",eletric blender running,hair dryer drying,vacuum cleaner cleaning floors,running electric fan,bathroom ventilation fan running,air conditioning noise
V3Mh5k7AOxE_000063,playing bongo,playing congas,playing djembe,playing tabla,playing timbales,playing snare drum,playing castanets,playing tambourine,playing drum kit,playing bass drum,tapping guitar
V4I4dNkN1xs_000064,"bird chirping, tweeting",reversing beeps,smoke detector beeping,cuckoo bird calling,"heart sounds, heartbeat",canary calling,warbler chirping,chipmunk chirping,frog croaking,duck quacking,metronome
V5a0OUeceeY_000042,snake rattling,"bee, wasp, etc. buzzing","fly, housefly buzzing",mosquito buzzing,fire crackling,raining,hail,wind rustling leaves,"electric shaver, electric razor shaving",cutting hair with electric trimmers,cat purring
V8tcqAyPSYw_000064,missile launch,volcano explosion,thunder,blowtorch igniting,firing cannon,foghorn,air horn,car engine starting,airplane flyby,car passing by,sliding door
VAfO711tnQA_000030,playing acoustic guitar,playing ukulele,playing banjo,playing mandolin,playing electric guitar,playing bass guitar,playing harp,playing sitar,playing zither,playing piano,"playing marimba, xylophone"
VAqgpoyD2jc_000030,playing banjo,playing acoustic guitar,playing ukulele,playing mandolin,playing electric guitar,playing sitar,playing harp,playing zither,"playing steel guitar, slide guitar",playing harpsichord,playing piano
VC0c22cJTbM_000424,writing on blackboard with chalk,typing on computer keyboard,chopping food,footsteps on snow,horse clip-clop,ripping paper,popping popcorn,people coughing,duck quacking,tap dancing,eating with cutlery
VKekx2cvfcM_000030,playing gong,singing bowl,church bell ringing,playing tuning fork,playing cymbal,playing vibraphone,playing timpani,playing glockenspiel,"cattle, bovinae cowbell",playing harp,playing steelpan
VKnQSCz2IVs_000000,tractor digging,car engine idling,lawn mowing,air conditioning noise,bathroom ventilation fan running,hair dryer drying,vacuum cleaner cleaning floors,running electric fan,eletric blender running,"electric shaver, electric razor shaving",cutting hair with electric trimmers
VO1QA-Ihceo_000368,playing guiro,playing washboard,playing tambourine,playing castanets,metronome,reversing beeps,"heart sounds, heartbeat",rope skipping,horse clip-clop,tap dancing,playing bongo
VQ60kd-BrC8_000030,church bell ringing,alarm clock ringing,telephone bell ringing,"cattle, bovinae cowbell",playing glockenspiel,playing vibraphone,"playing marimba, xylophone",playing tuning fork,playing gong,playing cymbal,singing bowl
VRaLq9Gb9xI_000180,using sewing machines,cutting hair with electric trimmers,printer printing,"electric shaver, electric razor shaving",chainsawing trees,eletric blender running,"engine accelerating, revving, vroom",hair dryer drying,vacuum cleaner cleaning floors,hedge trimmer running,dog howling
VaqR7OOMHSM_000033,cat hissing,snake hissing,"alligators, crocodiles hissing",dog barking,cat meowing,people sneezing,people coughing,strike lighter,duck quacking,pig oinking,sheep bleating
VazP0kjlliA_000034,hammering nails,chopping wood,playing table tennis,playing badminton,playing tennis,playing squash,playing darts,mouse clicking,people finger snapping,typing on typewriter,woodpecker pecking tree
VeUQBYHtFB8_000365,playing mandolin,playing acoustic guitar,playing ukulele,playing banjo,playing electric guitar,"playing steel guitar, slide guitar",playing harp,playing zither,playing sitar,playing harpsichord,playing piano
Vi7kQhNcaOs_000114,chopping wood,woodpecker pecking tree,metronome,horse clip-clop,playing castanets,hammering nails,machine gun shooting,playing snare drum,basketball bounce,people finger snapping,rope skipping
Via5YWUC1Lk_000180,"bird chirping, tweeting",canary calling,warbler chirping,chipmunk chirping,chicken clucking,duck quacking,frog croaking,mouse squeaking,dog barking,pig oinking,cuckoo bird calling
Vr2EzXVNb_s_000041,playing bassoon,playing oboe,playing clarinet,playing flute,playing saxophone,playing trumpet,playing trombone,playing french horn,playing cello,"playing violin, fiddle",playing accordion
VudaWX3XJoQ_000129,golf driving,door slamming,bowling impact,striking pool,shot football,cupboard opening or closing,firing cannon,strike lighter,opening or closing car doors,playing darts,people slapping
W3u2hj1x7gY_000350,helicopter,lawn mowing,air conditioning noise,bathroom ventilation fan running,running electric fan,vacuum cleaner cleaning floors,hair dryer drying,car engine idling,eletric blender running,"electric shaver, electric razor shaving",airplane
W3vkkSbyODo_000043,playing bassoon,playing clarinet,playing oboe,playing flute,playing saxophone,playing trumpet,playing trombone,playing french horn,playing cello,"playing violin, fiddle",playing accordion
W6hBBs-MuM8_000145,missile launch,volcano explosion,foghorn,toilet flushing,airplane flyby,car passing by,coyote howling,train whistling,blowtorch igniting,thunder,"engine accelerating, revving, vroom"
W75ol-nF6vo_000040,playing accordion,playing bagpipes,playing electronic organ,playing hammond organ,playing synthesizer,playing theremin,playing harmonica,playing didgeridoo,singing bowl,playing tuning fork,yodelling
WSTJFJg6tzI_000022,tractor digging,car engine idling,lawn mowing,air conditioning noise,bathroom ventilation fan running,hair dryer drying,vacuum cleaner cleaning floors,running electric fan,eletric blender running,cutting hair with electric trimmers,"electric shaver, electric razor shaving"
WTlaLznHD1c_000053,driving snowmobile,driving motorcycle,"race car, auto racing",lawn mowing,helicopter,vacuum cleaner cleaning floors,hair dryer drying,running electric fan,bathroom ventilation fan running,air conditioning noise,eletric blender running
WUiy_6hI-xU_000061,playing mandolin,playing acoustic guitar,playing ukulele,playing banjo,playing electric guitar,playing bass guitar,playing harp,playing zither,playing sitar,"playing steel guitar, slide guitar",playing piano
WW4_c2J79QA_000030,playing banjo,playing acoustic guitar,playing ukulele,playing mandolin,playing electric guitar,playing bass guitar,playing harp,playing sitar,playing zither,"playing steel guitar, slide guitar",playing harpsichord
WZLxZKna7xY_000276,lawn mowing,hedge trimmer running,vacuum cleaner cleaning floors,hair dryer drying,running electric fan,air conditioning noise,bathroom ventilation fan running,eletric blender running,"electric shaver, electric razor shaving",cutting hair with electric trimmers,car engine idling
W_-t9sBGOg4_000072,playing double bass,playing bass guitar,playing cello,playing acoustic guitar,playing ukulele,playing banjo,playing mandolin,playing harp,playing piano,"playing marimba, xylophone",playing sitar
WdIsOZQHeBY_000030,dog growling,cat growling,lions growling,otter growling,bull bellowing,cattle mooing,"donkey, ass braying",horse neighing,"alligators, crocodiles hissing",cat caterwauling,coyote howling
WkHiRBvutiw_000415,striking pool,playing darts,golf driving,striking bowling,bowling impact,shot football,door slamming,cupboard opening or closing,opening or closing car doors,people slapping,people finger snapping
Wqqx_L1r8Hk_000019,baby crying,goat bleating,sheep bleating,dog howling,"donkey, ass braying",people sobbing,coyote howling,cat caterwauling,cattle mooing,baby babbling,dog whimpering
Wr44Q8MQHL0_000030,helicopter,airplane,lawn mowing,vacuum cleaner cleaning floors,hair dryer drying,running electric fan,air conditioning noise,bathroom ventilation fan running,eletric blender running,"electric shaver, electric razor shaving",cutting hair with electric trimmers
WrGIzNUwz2Y_000067,"male speech, man speaking","female speech, woman speaking","child speech, kid speaking",people whispering,baby crying,dog howling,cat meowing,yodelling,cow lowing,coyote howling,baby laughter
WrbQ5NIU0R0_000170,playing zither,playing acoustic guitar,playing electric guitar,playing ukulele,playing banjo,playing mandolin,playing harp,playing sitar,"playing steel guitar, slide guitar",playing harpsichord,playing piano
WrwRZ0NgEss_000538,forging swords,"cattle, bovinae cowbell",playing glockenspiel,wind chime,playing vibraphone,playing acoustic guitar,playing steelpan,playing gong,church bell ringing,playing cymbal,"playing marimba, xylophone"
WuQ9Oe0rlBM_000074,volcano explosion,thunder,tornado roaring,missile launch,foghorn,airplane flyby,civil defense siren,train whistling,ambulance siren,police car (siren),fire truck siren
WxA-P0RVWzo_000030,dog barking,chicken clucking,duck quacking,pig oinking,frog croaking,sheep bleating,goat bleating,turkey gobbling,mouse squeaking,baby laughter,people coughing
Wxup2o0w1kU_000030,printer printing,typing on typewriter,typing on computer keyboard,mouse clicking,playing castanets,woodpecker pecking tree,hammering nails,people finger snapping,people clapping,playing table tennis,chopping wood
X0fdzmuGk7Y_000011,playing bassoon,playing oboe,playing clarinet,playing saxophone,playing flute,playing trombone,playing trumpet,playing french horn,playing cello,playing double bass,"playing violin, fiddle"
X1aRTyM821w_000024,wood thrush calling,playing flute,people whistling,playing shofar,train whistling,whale calling,elk bugling,elephant trumpeting,dog howling,coyote howling,"vehicle horn, car horn, honking"
X39unEA6Aas_000063,sharpen knife,playing guiro,playing washboard,planing timber,writing on blackboard with chalk,"rowboat, canoe, kayak rowing",bouncing on trampoline,horse clip-clop,people marching,metronome,"heart sounds, heartbeat"
X56iQAG3saE_000304,playing drum kit,playing snare drum,metronome,horse clip-clop,playing bongo,playing castanets,playing congas,playing timbales,playing tambourine,"heart sounds, heartbeat",rope skipping
X6DIkNFrsBg_000044,alarm clock ringing,reversing beeps,smoke detector beeping,metronome,cell phone buzzing,"heart sounds, heartbeat",bouncing on trampoline,rope skipping,horse clip-clop,people marching,cricket chirping
X6fQKs51q08_000109,otter growling,dog growling,cat growling,lions growling,coyote howling,dog howling,"donkey, ass braying",sheep bleating,goat bleating,cattle mooing,baby crying
XAWZhJzZhBU_000003,civil defense siren,foghorn,air horn,train whistling,train horning,dog howling,coyote howling,elk bugling,elephant trumpeting,car engine starting,toilet flushing
XDS60G1huzQ_000226,blowtorch igniting,hair dryer drying,air conditioning noise,vacuum cleaner cleaning floors,bathroom ventilation fan running,running electric fan,wind noise,eletric blender running,waterfall burbling,"electric shaver, electric razor shaving",cutting hair with electric trimmers
XIohMvtR0Og_000030,"male speech, man speaking","female speech, woman speaking","child speech, kid speaking",air conditioning noise,bathroom ventilation fan running,car engine idling,raining,wind noise,sea waves,vacuum cleaner cleaning floors,hair dryer drying
XQbgV10IpoM_000170,playing accordion,playing bagpipes,playing hammond organ,playing electronic organ,playing harmonica,playing didgeridoo,playing synthesizer,playing theremin,orchestra,singing choir,yodelling
XR7vOriQ9VY_000194,airplane,air conditioning noise,bathroom ventilation fan running,hair dryer drying,running electric fan,vacuum cleaner cleaning floors,lawn mowing,car engine idling,eletric blender running,helicopter,cutting hair with electric trimmers
XRGnt50U4EY_000208,lip smacking,mouse clicking,people finger snapping,playing castanets,typing on typewriter,hammering nails,playing table tennis,playing badminton,striking pool,playing darts,woodpecker pecking tree
XS-3djsJWTA_000360,playing acoustic guitar,playing electric guitar,playing ukulele,playing banjo,playing mandolin,playing harp,playing sitar,playing zither,playing bass guitar,"playing steel guitar, slide guitar",playing piano
X_nfMNpw9SA_000060,playing acoustic guitar,playing electric guitar,playing ukulele,playing banjo,playing mandolin,playing harp,playing zither,playing sitar,playing bass guitar,"playing steel guitar, slide guitar",playing harpsichord
Xb7lSqbJYog_000490,helicopter,vacuum cleaner cleaning floors,hair dryer drying,running electric fan,air conditioning noise,bathroom ventilation fan running,eletric blender running,lawn mowing,car engine idling,driving snowmobile,"electric shaver, electric razor shaving"
XfjpzOUNu4E_000030,owl hooting,coyote howling,dog howling,elk bugling,cattle mooing,"donkey, ass braying",goose honking,sheep bleating,goat bleating,lions roaring,elephant trumpeting
XiQhJPkvn1I_000654,playing table tennis,playing tennis,playing badminton,playing squash,basketball bounce,hammering nails,chopping wood,typing on typewriter,mouse clicking,people finger snapping,playing castanets
XrjkzI6TVwc_000030,playing electric guitar,playing acoustic guitar,playing bass guitar,"playing steel guitar, slide guitar",playing ukulele,playing banjo,playing mandolin,playing sitar,playing harp,playing piano,playing zither
XwfxT99WlZE_000015,playing bongo,playing congas,playing djembe,playing tabla,playing timbales,playing snare drum,playing castanets,playing tambourine,people clapping,hammering nails,typing on typewriter
Y7aU3aCEf5A_000030,playing harpsichord,playing piano,playing acoustic guitar,playing electric guitar,playing ukulele,playing banjo,playing mandolin,playing harp,playing zither,playing sitar,"playing marimba, xylophone"
YBR_3yrDwsw_000044,planing timber,lathe spinning,electric grinder grinding,cutting hair with electric trimmers,"electric shaver, electric razor shaving",hedge trimmer running,lawn mowing,eletric blender running,hair dryer drying,vacuum cleaner cleaning floors,running electric fan
YGv1xUgz2pY_000045,playing timpani,playing bass drum,playing gong,playing cymbal,playing vibraphone,playing glockenspiel,"playing marimba, xylophone",playing steelpan,church bell ringing,"cattle, bovinae cowbell",singing bowl
YIkaXXmw8ME_000000,people finger snapping,people clapping,mouse clicking,playing castanets,hammering nails,playing table tennis,playing badminton,playing tennis,playing squash,basketball bounce,typing on typewriter
YJTT65jFXzg_000314,"male speech, man speaking","female speech, woman speaking","child speech, kid speaking",people whispering,rapping,baby babbling,dog barking,chicken clucking,duck quacking,people coughing,people giggling
YN5CTUvVDGw_000200,playing gong,singing bowl,playing tuning fork,church bell ringing,playing cymbal,playing steelpan,playing vibraphone,playing timpani,playing tympani,playing harp,"cattle, bovinae cowbell"
YOA1JOyd7cw_000030,"playing steel guitar, slide guitar",playing acoustic guitar,playing electric guitar,playing ukulele,playing banjo,playing mandolin,playing harp,playing zither,playing sitar,playing piano,playing harpsichord
YQwQbYsgMLQ_000018,gibbon howling,coyote howling,dog howling,elk bugling,elephant trumpeting,"donkey, ass braying",cat caterwauling,lions roaring,cattle mooing,goat bleating,yodelling
YVbJ9g851Vg_000025,smoke detector beeping,alarm clock ringing,telephone bell ringing,reversing beeps,"vehicle horn, car horn, honking",metronome,train horning,air horn,"heart sounds, heartbeat",bouncing on trampoline,rope skipping
Ya5GiXz1gbA_000019,wind chime,playing glockenspiel,playing vibraphone,"playing marimba, xylophone",playing cymbal,"cattle, bovinae cowbell",playing acoustic guitar,playing harp,playing tuning fork,singing bowl,church bell ringing
YbLR6dgY-K4_000030,playing banjo,playing acoustic guitar,playing ukulele,playing mandolin,playing electric guitar,playing bass guitar,"playing steel guitar, slide guitar",playing harp,playing zither,playing sitar,playing harpsichord
YchzqU8mrmE_000012,beat boxing,playing bongo,playing congas,playing djembe,reversing beeps,smoke detector beeping,"heart sounds, heartbeat",horse clip-clop,bouncing on trampoline,rope skipping,people marching
Yf7ypnJ2J-U_000039,"playing marimba, xylophone",playing glockenspiel,playing vibraphone,playing steelpan,playing timpani,playing piano,playing harp,playing acoustic guitar,playing ukulele,playing banjo,playing mandolin
Yk4r9XfKd2E_000261,playing drum kit,playing snare drum,metronome,horse clip-clop,playing bongo,playing castanets,playing congas,playing timbales,playing tambourine,"heart sounds, heartbeat",rope skipping
YqLZdK_e4-A_000030,playing electronic organ,playing hammond organ,playing synthesizer,playing accordion,playing flute,playing clarinet,playing saxophone,playing harmonica,playing cello,playing trumpet,"playing violin, fiddle"
YrBpFByZmKM_000137,playing double bass,playing bass guitar,playing cello,playing acoustic guitar,playing electric guitar,playing ukulele,playing banjo,playing mandolin,playing harp,playing piano,"playing marimba, xylophone"
Z55jffJcevQ_000040,mouse pattering,hail,raining,fire crackling,popping popcorn,plastic bottle crushing,typing on computer keyboard,typing on typewriter,playing castanets,tap dancing,people shuffling
ZHoUO-Mpao8_000065,playing bass drum,playing timpani,playing bongo,playing congas,playing djembe,playing drum kit,playing tabla,playing timbales,basketball bounce,bouncing on trampoline,dog barking
ZIPScztJi0M_000049,cricket chirping,metronome,reversing beeps,smoke detector beeping,"heart sounds, heartbeat",horse clip-clop,chipmunk chirping,warbler chirping,canary calling,frog croaking,"bird chirping, tweeting"
ZPeG32vKQ3w_000030,typing on typewriter,typing on computer keyboard,mouse clicking,hammering nails,woodpecker pecking tree,playing castanets,playing snare drum,playing table tennis,playing badminton,people finger snapping,chopping wood
ZQ9ZV5uZZyQ_000028,playing piano,playing acoustic guitar,playing ukulele,playing electric guitar,playing mandolin,playing banjo,playing harpsichord,"playing marimba, xylophone",playing glockenspiel,playing vibraphone,playing steelpan
ZSQLjxIsDYI_000026,hedge trimmer running,lawn mowing,cutting hair with electric trimmers,"electric shaver, electric razor shaving",hair dryer drying,vacuum cleaner cleaning floors,eletric blender running,running electric fan,bathroom ventilation fan running,air conditioning noise,lathe spinning
ZT3jQW3tvt0_000015,canary calling,chipmunk chirping,mouse squeaking,frog croaking,chicken clucking,duck quacking,pig oinking,dog barking,baby laughter,turkey gobbling,people coughing
ZXsQAXx_ao0_000050,"male speech, man speaking","female speech, woman speaking","child speech, kid speaking",baby babbling,rapping,people coughing,dog barking,duck quacking,pig oinking,turkey gobbling,sheep bleating
Zd9IUMqYKIk_000052,writing on blackboard with chalk,typing on computer keyboard,typing on typewriter,chopping food,footsteps on snow,eating with cutlery,people eating crisps,people shuffling,lip smacking,rope skipping,bouncing on trampoline
ZeFA4i5ZaBU_000112,playing congas,playing bongo,playing djembe,playing tabla,playing timbales,playing snare drum,playing castanets,playing tambourine,people clapping,tapping guitar,"playing marimba, xylophone"
ZfSlWX1C8yY_000030,playing didgeridoo,playing bagpipes,playing theremin,air conditioning noise,bathroom ventilation fan running,hair dryer drying,vacuum cleaner cleaning floors,running electric fan,car engine idling,wind noise,waterfall burbling
Zgogkej7gHg_000149,sheep bleating,goat bleating,cattle mooing,cow lowing,"donkey, ass braying",dog howling,coyote howling,cat caterwauling,goose honking,baby crying,crow cawing
ZlIOKvEp1so_000003,police car (siren),ambulance siren,fire truck siren,civil defense siren,air conditioning noise,bathroom ventilation fan running,hair dryer drying,vacuum cleaner cleaning floors,running electric fan,lawn mowing,helicopter
ZmEbS0p3Hio_000590,people whispering,"male speech, man speaking","female speech, woman speaking","child speech, kid speaking",people humming,people sobbing,baby crying,baby babbling,cat meowing,dog whimpering,people giggling
Zv65oGwauxs_000030,playing harp,playing acoustic guitar,playing ukulele,playing banjo,playing mandolin,playing zither,playing sitar,playing piano,playing harpsichord,playing vibraphone,playing glockenspiel
ZxiXftx2EMg_000477,dinosaurs bellowing,lions roaring,lions growling,bull bellowing,cattle mooing,cow lowing,dog howling,coyote howling,elephant trumpeting,elk bugling,cat growling
_1TjLs6_Geo_000013,playing glockenspiel,playing vibraphone,"playing marimba, xylophone",playing steelpan,playing piano,playing acoustic guitar,playing harp,playing ukulele,playing banjo,playing mandolin,playing zither
_22gJ5kB31k_000030,lions growling,dog growling,cat growling,bull bellowing,cow lowing,"donkey, ass braying",horse neighing,sheep bleating,goat bleating,"alligators, crocodiles hissing",otter growling
_3t8P1eqyvo_000030,playing bagpipes,playing accordion,playing didgeridoo,playing theremin,playing electronic organ,playing hammond organ,playing synthesizer,singing bowl,air conditioning noise,running electric fan,hair dryer drying
_4NEAgqguN0_000220,church bell ringing,"cattle, bovinae cowbell",alarm clock ringing,telephone bell ringing,playing glockenspiel,playing vibraphone,playing gong,singing bowl,playing cymbal,playing timpani,"playing marimba, xylophone"
_6uZ1HyHSQY_000110,chainsawing trees,"engine accelerating, revving, vroom",driving motorcycle,driving snowmobile,hedge trimmer running,lawn mowing,eletric blender running,hair dryer drying,vacuum cleaner cleaning floors,cutting hair with electric trimmers,"electric shaver, electric razor shaving"
_Afs4B07Xog_000022,playing mandolin,playing acoustic guitar,playing banjo,playing ukulele,playing harp,playing zither,playing sitar,playing electric guitar,playing bass guitar,playing harpsichord,playing piano
_BoK6vI1wWA_000035,air horn,"vehicle horn, car horn, honking",train horning,foghorn,goose honking,dog barking,duck quacking,pig oinking,sheep bleating,goat bleating,"donkey, ass braying"
_Gdt1rIP6xE_000030,singing choir,orchestra,playing bagpipes,playing accordion,playing electronic organ,playing hammond organ,playing synthesizer,people humming,yodelling,playing didgeridoo,playing theremin
_NvCMlLCDPQ_000030,printer printing,metronome,reversing beeps,"heart sounds, heartbeat",bouncing on trampoline,rope skipping,people marching,smoke detector beeping,cell phone buzzing,horse clip-clop,alarm clock ringing
_ObtURsKv-U_000001,alarm clock ringing,telephone bell ringing,church bell ringing,playing glockenspiel,playing vibraphone,playing cymbal,reversing beeps,smoke detector beeping,metronome,"heart sounds, heartbeat",cell phone buzzing
_Qnw4_agm-0_000030,playing harp,playing acoustic guitar,playing electric guitar,playing ukulele,playing banjo,playing mandolin,playing zither,playing sitar,playing piano,playing cello,playing double bass
_XA3BaNyf4Q_000069,"playing violin, fiddle",playing cello,playing double bass,playing erhu,playing flute,playing clarinet,playing saxophone,playing oboe,playing bassoon,playing trumpet,playing trombone
__2MwJ2uHu0_000004,playing erhu,"playing violin, fiddle",playing cello,playing double bass,playing flute,playing clarinet,playing saxophone,playing trumpet,playing trombone,playing accordion,playing harmonica
_bCTc6OBaM0_000208,opening or closing car doors,door slamming,cupboard opening or closing,opening or closing drawers,shot football,people coughing,dog barking,people slapping,people sneezing,striking bowling,plastic bottle crushing
_cb_U_z_Ct0_000030,lawn mowing,hedge trimmer running,vacuum cleaner cleaning floors,hair dryer drying,bathroom ventilation fan running,air conditioning noise,running electric fan,eletric blender running,"electric shaver, electric razor shaving",cutting hair with electric trimmers,car engine idling
_dMKUFMq2n8_000202,"male speech, man speaking","female speech, woman speaking","child speech, kid speaking",people whispering,baby babbling,rapping,beat boxing,parrot talking,yodelling,male singing,female singing
_e4_mvCMlkk_000001,playing tuning fork,singing bowl,playing gong,church bell ringing,playing cymbal,playing timpani,playing tympani,playing glockenspiel,playing vibraphone,"cattle, bovinae cowbell",playing harp
_eLVrgvrVBQ_000020,vacuum cleaner cleaning floors,hair dryer drying,running electric fan,bathroom ventilation fan running,air conditioning noise,"electric shaver, electric razor shaving",cutting hair with electric trimmers,eletric blender running,lawn mowing,car engine idling,helicopter
_hd1tNgkZz8_000009,"playing violin, fiddle",playing cello,playing erhu,playing double bass,playing accordion,playing saxophone,playing clarinet,playing flute,playing trumpet,playing trombone,playing harmonica
_jeeRPUalag_000755,playing tuning fork,singing bowl,playing gong,playing cymbal,playing glockenspiel,playing vibraphone,church bell ringing,playing timpani,playing tympani,"cattle, bovinae cowbell","playing marimba, xylophone"
_kQviNsfsLs_000030,bird wings flapping,bouncing on trampoline,horse clip-clop,chopping food,footsteps on snow,lip smacking,ferret dooking,chicken clucking,pig oinking,frog croaking,rope skipping
_mB-DrTf79o_000130,lawn mowing,hedge trimmer running,vacuum cleaner cleaning floors,hair dryer drying,eletric blender running,cutting hair with electric trimmers,"electric shaver, electric razor shaving",car engine idling,running electric fan,bathroom ventilation fan running,air conditioning noise
_wNC03n2xmg_000211,playing bongo,playing congas,playing djembe,playing tabla,playing timbales,playing tambourine,"playing marimba, xylophone",playing bass drum,metronome,"heart sounds, heartbeat",horse clip-clop
_xOa-Sw2UeY_000397,ripping paper,plastic bottle crushing,writing on blackboard with chalk,sliding door,opening or closing drawers,cupboard opening or closing,people nose blowing,cat meowing,sheep bleating,goat bleating,cow lowing
_xsRyM_fXYI_000006,coyote howling,dog howling,elk bugling,gibbon howling,"donkey, ass braying",cat caterwauling,cattle mooing,cow lowing,elephant trumpeting,lions roaring,train whistling
_yWsqs9FOnU_000010,playing electric guitar,playing acoustic guitar,playing ukulele,"playing steel guitar, slide guitar",playing banjo,playing harp,playing mandolin,playing sitar,playing bass guitar,playing zither,playing piano
_z72jRCSaeE_000080,gibbon howling,chimpanzee pant-hooting,reversing beeps,smoke detector beeping,"heart sounds, heartbeat",cricket chirping,frog croaking,duck quacking,cuckoo bird calling,alarm clock ringing,owl hooting
a2UsrO-xhs8_000030,sliding door,opening or closing drawers,cupboard opening or closing,opening or closing car doors,opening or closing car electric windows,planing timber,ripping paper,toilet flushing,blowtorch igniting,people gargling,car engine starting
a7cRojOdljw_000169,playing tennis,playing badminton,playing squash,playing table tennis,golf driving,basketball bounce,striking pool,playing darts,shot football,bouncing on trampoline,hammering nails
a9lp5Gre6Mw_000009,playing cornet,playing trumpet,playing trombone,playing french horn,playing bugle,playing saxophone,playing clarinet,playing flute,playing oboe,playing bassoon,"playing violin, fiddle"
a9nYajr1QhQ_000087,arc welding,fire crackling,raining,hail,popping popcorn,stream burbling,waterfall burbling,underwater bubbling,wind rustling leaves,"bee, wasp, etc. buzzing","fly, housefly buzzing"
aAnCOKxPgaA_000140,machine gun shooting,cap gun shooting,hammering nails,woodpecker pecking tree,playing snare drum,playing castanets,typing on typewriter,people clapping,playing table tennis,mouse clicking,people finger snapping
aBdr7mO5nyw_000288,francolin calling,crow cawing,duck quacking,goose honking,turkey gobbling,chicken clucking,dog barking,pig oinking,sheep bleating,goat bleating,frog croaking
aHx50zHbHbE_000013,"playing violin, fiddle",playing banjo,playing mandolin,playing acoustic guitar,playing cello,playing double bass,playing ukulele,playing harp,playing piano,playing accordion,playing bagpipes
aJKu_6M6WMw_000484,playing badminton,playing tennis,playing table tennis,playing squash,playing volleyball,basketball bounce,striking pool,hammering nails,mouse clicking,people finger snapping,playing darts
aOOqSWgmRJM_000033,"playing violin, fiddle",playing cello,playing erhu,playing double bass,playing flute,playing saxophone,playing clarinet,playing oboe,playing trombone,playing trumpet,playing french horn
aP4t-BGt2O0_000043,eletric blender running,hair dryer drying,vacuum cleaner cleaning floors,running electric fan,air conditioning noise,bathroom ventilation fan running,cutting hair with electric trimmers,"electric shaver, electric razor shaving",lawn mowing,lathe spinning,car engine idling
aQaa8WckFQQ_000537,people shuffling,footsteps on snow,people running,tap dancing,horse clip-clop,mouse pattering,chopping food,skateboarding,skiing,people marching,rope skipping
aS5eOryeLbM_000210,singing bowl,playing didgeridoo,people humming,playing theremin,air conditioning noise,bathroom ventilation fan running,running electric fan,hair dryer drying,vacuum cleaner cleaning floors,cat purring,car engine idling
aUfDxRelPHg_000022,lions roaring,bull bellowing,cattle mooing,"donkey, ass braying",dog howling,coyote howling,elk bugling,elephant trumpeting,dinosaurs bellowing,horse neighing,gibbon howling
aWhDSs4bqyE_000095,playing squash,playing tennis,playing table tennis,playing badminton,playing volleyball,basketball bounce,golf driving,striking pool,hammering nails,chopping wood,people clapping
adnbNvLOI48_000306,skiing,sailing,wind noise,scuba diving,waterfall burbling,stream burbling,raining,air conditioning noise,bathroom ventilation fan running,running electric fan,vacuum cleaner cleaning floors
agCKgxkObDc_000375,playing oboe,playing clarinet,playing flute,playing saxophone,playing trumpet,playing trombone,playing french horn,playing bassoon,playing accordion,playing bagpipes,"playing violin, fiddle"
aosi9ropfEk_000030,printer printing,metronome,reversing beeps,"heart sounds, heartbeat",smoke detector beeping,using sewing machines,bouncing on trampoline,rope skipping,cell phone buzzing,horse clip-clop,typing on typewriter
aouKweCzxj8_000290,driving buses,car engine idling,helicopter,lawn mowing,air conditioning noise,bathroom ventilation fan running,running electric fan,vacuum cleaner cleaning floors,hair dryer drying,wind noise,waterfall burbling
aridgcppt0g_000038,playing oboe,playing clarinet,playing bassoon,playing saxophone,playing flute,playing trumpet,playing trombone,playing french horn,"playing violin, fiddle",playing cello,playing accordion
asoU_mVzI1g_000006,cuckoo bird calling,reversing beeps,smoke detector beeping,"heart sounds, heartbeat",bouncing on trampoline,rope skipping,car engine knocking,metronome,telephone bell ringing,alarm clock ringing,cell phone buzzing
b4glNhNvMYU_000340,playing flute,playing clarinet,playing oboe,playing saxophone,playing trumpet,playing trombone,playing french horn,"playing violin, fiddle",playing cello,playing accordion,playing bagpipes
b4oj2GJcz14_000007,chipmunk chirping,"bird chirping, tweeting",mouse squeaking,cheetah chirrup,warbler chirping,canary calling,chicken clucking,chinchilla barking,ferret dooking,frog croaking,duck quacking
b7-9-67LlGw_000106,lip smacking,people finger snapping,mouse clicking,typing on typewriter,playing castanets,chopping food,people clapping,playing table tennis,hammering nails,woodpecker pecking tree,popping popcorn
bAJrcYJgllE_000030,playing synthesizer,playing electronic organ,playing hammond organ,playing theremin,playing accordion,playing bagpipes,playing harmonica,playing flute,playing clarinet,playing saxophone,playing trumpet
bF1I8cLBTK8_000058,air horn,"vehicle horn, car horn, honking",train horning,foghorn,goose honking,dog barking,duck quacking,pig oinking,sheep bleating,goat bleating,"donkey, ass braying"
bJGv9bWBwYI_000001,coyote howling,dog howling,dog baying,gibbon howling,cat caterwauling,people screaming,children shouting,people cheering,people booing,baby crying,singing choir
bKlj1LbM6wI_000120,"bee, wasp, etc. buzzing","fly, housefly buzzing",mosquito buzzing,cell phone buzzing,dog growling,cat growling,lions growling,"alligators, crocodiles hissing",snake hissing,cat hissing,cutting hair with electric trimmers
bM5Ha8d-DoM_000009,coyote howling,dog howling,elk bugling,gibbon howling,"donkey, ass braying",elephant trumpeting,cattle mooing,cat caterwauling,foghorn,train whistling,lions roaring
bMYRySDXzco_000178,church bell ringing,alarm clock ringing,telephone bell ringing,playing glockenspiel,playing vibraphone,"playing marimba, xylophone","cattle, bovinae cowbell",wind chime,playing cymbal,playing gong,playing tuning fork
bSItOIS0k5w_000008,playing guiro,playing washboard,playing castanets,playing tambourine,playing bongo,playing congas,playing djembe,playing timbales,playing tabla,tapping guitar,playing snare drum
bWyrxAZCOhA_000020,playing cello,"playing violin, fiddle",playing double bass,playing erhu,playing saxophone,playing clarinet,playing flute,playing trombone,playing trumpet,playing accordion,playing bagpipes
bkIBHUh7LrE_000126,cricket chirping,reversing beeps,smoke detector beeping,metronome,"heart sounds, heartbeat",bouncing on trampoline,rope skipping,horse clip-clop,people marching,cell phone buzzing,alarm clock ringing
bkzGHRpx5MM_000030,playing electric guitar,playing acoustic guitar,playing ukulele,playing bass guitar,"playing steel guitar, slide guitar",playing mandolin,playing banjo,playing harp,playing zither,playing sitar,playing piano
bltHehYBdy8_000070,dog howling,coyote howling,gibbon howling,elk bugling,"donkey, ass braying",cat caterwauling,cattle mooing,horse neighing,elephant trumpeting,yodelling,baby crying
bn1TUcXPHfA_000223,playing bugle,playing trumpet,playing trombone,playing french horn,playing cornet,playing saxophone,playing clarinet,playing flute,playing oboe,playing bassoon,playing accordion
bnFZy6N2TS0_000327,"male speech, man speaking","female speech, woman speaking","child speech, kid speaking",people whispering,baby crying,baby babbling,people humming,dog howling,coyote howling,cat meowing,sheep bleating
bovpIaQBYtk_000000,opening or closing car electric windows,sliding door,cupboard opening or closing,opening or closing drawers,opening or closing car doors,car engine starting,toilet flushing,car passing by,airplane flyby,skidding,train whistling
bu2JMRlDl94_000150,playing french horn,playing trumpet,playing trombone,playing saxophone,playing clarinet,playing flute,playing oboe,playing bassoon,playing cornet,playing bugle,playing accordion
bvsXA4ba8_4_000030,playing electronic organ,playing hammond organ,playing synthesizer,playing accordion,playing flute,playing clarinet,playing saxophone,playing harmonica,playing cello,playing trumpet,"playing violin, fiddle"
bxKdKUZP41Y_000030,playing zither,playing acoustic guitar,playing harp,playing sitar,playing banjo,playing mandolin,playing ukulele,playing electric guitar,"playing steel guitar, slide guitar",playing harpsichord,playing piano
c-_S5Tt-gbw_000490,typing on typewriter,typing on computer keyboard,mouse clicking,playing castanets,hammering nails,woodpecker pecking tree,playing table tennis,playing badminton,playing squash,people finger snapping,chopping wood
c40hgtfiYm0_000010,typing on typewriter,typing on computer keyboard,mouse clicking,hammering nails,chopping wood,playing castanets,woodpecker pecking tree,people finger snapping,playing table tennis,playing badminton,playing darts
c4mDnV5pqC8_000044,"playing marimba, xylophone",playing glockenspiel,playing vibraphone,playing steelpan,playing tuning fork,playing gong,playing piano,playing acoustic guitar,playing harp,playing ukulele,playing banjo
c7YGJfuV_2Q_000140,police car (siren),ambulance siren,fire truck siren,civil defense siren,air conditioning noise,bathroom ventilation fan running,hair dryer drying,vacuum cleaner cleaning floors,running electric fan,lawn mowing,helicopter
c8AulW4IZVs_000030,playing electronic organ,playing hammond organ,playing synthesizer,playing accordion,playing flute,playing clarinet,playing saxophone,playing harmonica,playing cello,playing trumpet,"playing violin, fiddle"
c8uE3Q8p9Jo_000050,playing theremin,playing didgeridoo,playing bagpipes,running electric fan,air conditioning noise,bathroom ventilation fan running,hair dryer drying,vacuum cleaner cleaning floors,cat purring,wind noise,car engine idling
cBF73TX0xZk_000030,opening or closing drawers,cupboard opening or closing,opening or closing car doors,sliding door,strike lighter,plastic bottle crushing,people coughing,people sneezing,people burping,people nose blowing,dog whimpering
cE5Yihyqup4_000070,"male speech, man speaking","female speech, woman speaking","child speech, kid speaking",people whispering,baby babbling,parrot talking,male singing,female singing,child singing,people sobbing,dog whimpering
cIHmmSm947Q_000000,"male speech, man speaking","female speech, woman speaking","child speech, kid speaking",people whispering,rapping,male singing,female singing,child singing,baby babbling,people babbling,yodelling
cKBrnjxlKgU_000254,playing bassoon,playing clarinet,playing oboe,playing flute,playing saxophone,playing trumpet,playing trombone,playing french horn,playing cello,"playing violin, fiddle",playing accordion
cP6CiaQSYxE_000023,driving snowmobile,driving motorcycle,lawn mowing,hair dryer drying,vacuum cleaner cleaning floors,running electric fan,air conditioning noise,bathroom ventilation fan running,cutting hair with electric trimmers,"electric shaver, electric razor shaving",eletric blender running
cPgO0qGByu0_000010,people sneezing,people coughing,people burping,people hiccup,people farting,dog barking,pig oinking,duck quacking,sheep bleating,goat bleating,cat meowing
cUzDGcBVrlE_000030,playing electronic organ,playing hammond organ,playing synthesizer,playing accordion,playing flute,playing clarinet,playing saxophone,playing harmonica,playing cello,playing trumpet,"playing violin, fiddle"
cdIvqn14xgI_000030,playing didgeridoo,playing bagpipes,playing theremin,hair dryer drying,vacuum cleaner cleaning floors,running electric fan,bathroom ventilation fan running,air conditioning noise,car engine idling,cat purring,waterfall burbling
cfsOIuZ9G9k_000052,playing congas,playing bongo,playing djembe,playing tabla,playing timbales,playing snare drum,playing castanets,tapping guitar,woodpecker pecking tree,typing on typewriter,people clapping
cg25DwGFBpw_000165,playing snare drum,playing castanets,woodpecker pecking tree,hammering nails,typing on typewriter,playing table tennis,playing badminton,mouse clicking,people finger snapping,people clapping,chopping wood
ciEKtA13bm8_000000,cat growling,cat caterwauling,dog growling,lions growling,coyote howling,cattle mooing,"donkey, ass braying",sheep bleating,goat bleating,elk bugling,elephant trumpeting
cjSTp2d8mBI_000291,sea waves,wind noise,raining,waterfall burbling,stream burbling,air conditioning noise,bathroom ventilation fan running,hair dryer drying,vacuum cleaner cleaning floors,running electric fan,tornado roaring
cjSTp2d8mBI_000459,sea waves,wind noise,waterfall burbling,stream burbling,raining,vacuum cleaner cleaning floors,hair dryer drying,air conditioning noise,bathroom ventilation fan running,running electric fan,tornado roaring
cmB8l4mQ1XQ_000030,playing accordion,playing harmonica,playing bagpipes,playing clarinet,playing saxophone,playing flute,playing oboe,playing trumpet,playing trombone,"playing violin, fiddle",playing synthesizer
cocA3THl4S0_000057,eagle screaming,elephant trumpeting,elk bugling,train whistling,air horn,"vehicle horn, car horn, honking",foghorn,coyote howling,dog howling,playing shofar,whale calling
cpUEWtVa8PQ_000045,beat boxing,rapping,lip smacking,baby babbling,people coughing,people hiccup,chicken clucking,duck quacking,pig oinking,frog croaking,dog barking
cpxofMBzU8g_000181,canary calling,chipmunk chirping,mouse squeaking,frog croaking,chicken clucking,duck quacking,pig oinking,dog barking,baby laughter,turkey gobbling,people coughing
crS5cwurdfY_000160,lawn mowing,hedge trimmer running,vacuum cleaner cleaning floors,hair dryer drying,air conditioning noise,bathroom ventilation fan running,running electric fan,cutting hair with electric trimmers,"electric shaver, electric razor shaving",eletric blender running,car engine idling
cvyER04xhA0_000112,playing darts,golf driving,striking pool,door slamming,bowling impact,shot football,cupboard opening or closing,opening or closing car doors,firing cannon,strike lighter,bouncing on trampoline
cwhLkH1Ie-4_000235,lawn mowing,hedge trimmer running,chainsawing trees,running electric fan,hair dryer drying,vacuum cleaner cleaning floors,air conditioning noise,bathroom ventilation fan running,"electric shaver, electric razor shaving",cutting hair with electric trimmers,car engine idling
d16xAFjwcVw_000020,people finger snapping,people clapping,playing castanets,mouse clicking,typing on typewriter,hammering nails,woodpecker pecking tree,playing snare drum,playing table tennis,chopping wood,cap gun shooting
d1oaZO31t4o_000015,playing piano,playing acoustic guitar,playing electric guitar,playing ukulele,playing banjo,playing harp,playing mandolin,playing zither,playing sitar,playing harpsichord,"playing marimba, xylophone"
d8LvZQyYZpQ_000010,canary calling,chipmunk chirping,mouse squeaking,frog croaking,chicken clucking,duck quacking,pig oinking,dog barking,baby laughter,turkey gobbling,people coughing
dGD-Y3XEHgI_000010,playing tambourine,playing castanets,playing snare drum,playing bongo,playing congas,playing timbales,people clapping,people finger snapping,typing on typewriter,hammering nails,playing table tennis
dIIiaO12I5Q_000006,baby crying,people sobbing,dog whimpering,cat caterwauling,"donkey, ass braying",goat bleating,sheep bleating,dog howling,coyote howling,cattle mooing,baby babbling
dIy0sMn4HsY_000001,lathe spinning,bathroom ventilation fan running,hair dryer drying,running electric fan,air conditioning noise,vacuum cleaner cleaning floors,eletric blender running,"electric shaver, electric razor shaving",cutting hair with electric trimmers,lawn mowing,hedge trimmer running
dLRlnhW9_Pc_000070,machine gun shooting,cap gun shooting,hammering nails,woodpecker pecking tree,playing snare drum,playing castanets,typing on typewriter,people clapping,playing table tennis,chopping wood,mouse clicking
dPcgzRPF_yA_000031,"male speech, man speaking","female speech, woman speaking","child speech, kid speaking",people whispering,baby babbling,rapping,yodelling,cat meowing,dog howling,sheep bleating,goat bleating
dV9YwT62U_g_000030,people shuffling,footsteps on snow,people running,tap dancing,horse clip-clop,chopping food,mouse pattering,skateboarding,people marching,rope skipping,bouncing on trampoline
da-UIZplRqE_000030,playing gong,church bell ringing,playing cymbal,singing bowl,playing glockenspiel,playing vibraphone,playing tuning fork,"cattle, bovinae cowbell",alarm clock ringing,telephone bell ringing,playing timpani
ddtqWAxjBI8_000031,elk bugling,coyote howling,dog howling,gibbon howling,elephant trumpeting,"donkey, ass braying",horse neighing,lions roaring,foghorn,air horn,train whistling
diHn7q-YQEo_000061,blowtorch igniting,hair dryer drying,vacuum cleaner cleaning floors,eletric blender running,bathroom ventilation fan running,cutting hair with electric trimmers,"electric shaver, electric razor shaving",running electric fan,air conditioning noise,lawn mowing,ambulance siren
dm5DJNfGJTs_000032,playing djembe,playing bongo,playing congas,playing tabla,playing timbales,playing snare drum,playing tambourine,playing castanets,tapping guitar,people clapping,basketball bounce
dmDn2Tqsyeg_000030,hair dryer drying,vacuum cleaner cleaning floors,running electric fan,bathroom ventilation fan running,air conditioning noise,eletric blender running,lawn mowing,"electric shaver, electric razor shaving",cutting hair with electric trimmers,hedge trimmer running,wind noise
doFrrF9ybU8_000240,hair dryer drying,vacuum cleaner cleaning floors,running electric fan,bathroom ventilation fan running,air conditioning noise,eletric blender running,"electric shaver, electric razor shaving",cutting hair with electric trimmers,lawn mowing,wind noise,lathe spinning
dpEVjaFAhAs_000360,hair dryer drying,running electric fan,bathroom ventilation fan running,air conditioning noise,vacuum cleaner cleaning floors,eletric blender running,"electric shaver, electric razor shaving",cutting hair with electric trimmers,lawn mowing,wind noise,car engine idling
dtGl5xh6g0g_000138,tractor digging,car engine idling,lawn mowing,helicopter,air conditioning noise,bathroom ventilation fan running,vacuum cleaner cleaning floors,running electric fan,hair dryer drying,eletric blender running,driving snowmobile
dweVBqei9LA_000160,vacuum cleaner cleaning floors,hair dryer drying,running electric fan,bathroom ventilation fan running,air conditioning noise,eletric blender running,"electric shaver, electric razor shaving",cutting hair with electric trimmers,car engine idling,lawn mowing,lathe spinning
dyX9ElZE7TQ_000070,playing oboe,playing clarinet,playing flute,playing saxophone,playing bassoon,playing trumpet,playing trombone,playing french horn,"playing violin, fiddle",playing cello,playing accordion
dzah9kCDVJs_000540,hair dryer drying,bathroom ventilation fan running,running electric fan,air conditioning noise,vacuum cleaner cleaning floors,"electric shaver, electric razor shaving",eletric blender running,lawn mowing,car engine idling,wind noise,waterfall burbling
e0i5J6wbnwM_000392,squishing water,sloshing water,splashing water,lip smacking,people farting,people burping,people coughing,people hiccup,dog barking,frog croaking,duck quacking
e4Xh8ZImhUA_000097,police car (siren),ambulance siren,fire truck siren,civil defense siren,air conditioning noise,bathroom ventilation fan running,hair dryer drying,vacuum cleaner cleaning floors,lawn mowing,running electric fan,eletric blender running
e5Wu9El1mI4_000156,fireworks banging,cap gun shooting,hammering nails,woodpecker pecking tree,playing castanets,typing on typewriter,people clapping,playing table tennis,basketball bounce,playing badminton,striking pool
e5sOqiyIhkc_000171,male singing,female singing,child singing,singing choir,yodelling,people humming,rapping,playing bagpipes,playing didgeridoo,playing synthesizer,playing accordion
e8iKX9r6nEA_000000,baby laughter,people giggling,people sniggering,baby babbling,people hiccup,people coughing,dog barking,duck quacking,pig oinking,sheep bleating,people sneezing
eJSpibgl0-c_000030,"motorboat, speedboat acceleration",driving motorcycle,driving snowmobile,"race car, auto racing",airplane,helicopter,lawn mowing,car engine idling,vacuum cleaner cleaning floors,hair dryer drying,running electric fan
eQ8CMCLS5rY_000550,using sewing machines,typing on typewriter,typing on computer keyboard,chopping food,hammering nails,playing castanets,woodpecker pecking tree,mouse clicking,people finger snapping,playing table tennis,chopping wood
eafQq2xOCB0_000030,playing flute,playing clarinet,playing oboe,playing saxophone,playing bassoon,playing trumpet,playing trombone,playing french horn,"playing violin, fiddle",playing cello,playing harmonica
eb-6-U_Gm-8_000033,elk bugling,coyote howling,dog howling,gibbon howling,"donkey, ass braying",elephant trumpeting,horse neighing,cattle mooing,cow lowing,goat bleating,lions roaring
efjoT82zC1w_000001,fireworks banging,cap gun shooting,hammering nails,playing castanets,woodpecker pecking tree,typing on typewriter,people clapping,popping popcorn,basketball bounce,lighting firecrackers,firing muskets
egq3Z_2dg7g_000633,playing timpani,playing bass drum,playing gong,playing cymbal,playing vibraphone,playing glockenspiel,"playing marimba, xylophone",playing steelpan,church bell ringing,"cattle, bovinae cowbell",singing bowl
eiXotzZ1hBI_000037,playing mandolin,playing acoustic guitar,playing banjo,playing ukulele,playing electric guitar,playing bass guitar,playing harp,playing sitar,playing zither,playing double bass,"playing violin, fiddle"
ejwXH7ztxpE_000135,parrot talking,baby babbling,dog barking,duck quacking,chicken clucking,pig oinking,sheep bleating,turkey gobbling,frog croaking,cat meowing,goat bleating
emAtRpVf2_A_000270,vacuum cleaner cleaning floors,hair dryer drying,running electric fan,bathroom ventilation fan running,air conditioning noise,eletric blender running,"electric shaver, electric razor shaving",cutting hair with electric trimmers,lawn mowing,car engine idling,wind noise
eq0DpihhSyE_000086,playing piano,playing harpsichord,playing glockenspiel,playing vibraphone,"playing marimba, xylophone",playing steelpan,playing acoustic guitar,playing ukulele,playing harp,playing zither,playing banjo
ewBeGq4yWBE_000031,playing snare drum,playing castanets,hammering nails,people finger snapping,woodpecker pecking tree,typing on typewriter,people clapping,playing table tennis,mouse clicking,cap gun shooting,playing badminton
ewzjWBrHReg_000144,church bell ringing,alarm clock ringing,telephone bell ringing,"cattle, bovinae cowbell",playing steelpan,playing glockenspiel,playing vibraphone,"playing marimba, xylophone",playing cymbal,smoke detector beeping,reversing beeps
f21nIJCYy1s_000000,playing bagpipes,playing accordion,playing didgeridoo,playing theremin,playing electronic organ,playing hammond organ,playing synthesizer,singing bowl,air conditioning noise,hair dryer drying,running electric fan
f3iOuKzhUlQ_000030,printer printing,reversing beeps,smoke detector beeping,"heart sounds, heartbeat",bouncing on trampoline,rope skipping,cell phone buzzing,horse clip-clop,people marching,footsteps on snow,metronome
f5VqRC769mc_000021,playing tuning fork,singing bowl,playing gong,playing cymbal,church bell ringing,playing glockenspiel,playing vibraphone,"playing marimba, xylophone",playing timpani,playing tympani,"cattle, bovinae cowbell"
fFKL_Njts_U_000371,playing drum kit,playing snare drum,playing bass drum,metronome,horse clip-clop,bouncing on trampoline,rope skipping,tap dancing,"heart sounds, heartbeat",smoke detector beeping,reversing beeps
fGvhcD5G82M_000007,baby crying,people sobbing,dog howling,coyote howling,"donkey, ass braying",elk bugling,cat caterwauling,gibbon howling,goat bleating,sheep bleating,elephant trumpeting
fLPEAElOWho_000137,playing bass drum,playing timpani,playing bongo,playing congas,playing djembe,playing drum kit,playing tabla,playing timbales,basketball bounce,bouncing on trampoline,dog barking
fLZ5jPkCUOQ_000014,gibbon howling,chimpanzee pant-hooting,coyote howling,dog howling,elk bugling,yodelling,elephant trumpeting,"donkey, ass braying",lions roaring,cat caterwauling,people screaming
fPV1g05NMfE_000078,tap dancing,playing castanets,typing on typewriter,typing on computer keyboard,hammering nails,woodpecker pecking tree,playing snare drum,people clapping,mouse clicking,playing table tennis,people finger snapping
fW6NVxZZekE_000100,playing piano,playing acoustic guitar,playing electric guitar,playing ukulele,playing mandolin,playing banjo,playing harp,playing zither,playing sitar,"playing marimba, xylophone",playing vibraphone
fWjgRBl7LNc_000060,playing zither,playing acoustic guitar,playing electric guitar,playing ukulele,playing banjo,playing mandolin,playing harp,playing sitar,"playing steel guitar, slide guitar",playing bass guitar,playing double bass
fYnJ1cXVezA_000179,playing double bass,playing bass guitar,playing acoustic guitar,playing electric guitar,playing cello,playing banjo,playing ukulele,playing mandolin,playing harp,playing sitar,playing piano
fakJJOOLBhw_000140,elk bugling,coyote howling,dog howling,elephant trumpeting,"donkey, ass braying",gibbon howling,yodelling,foghorn,air horn,dinosaurs bellowing,bull bellowing
feC0L9MtghM_000190,playing sitar,playing acoustic guitar,playing electric guitar,playing banjo,playing mandolin,playing ukulele,playing harp,playing zither,"playing steel guitar, slide guitar",playing bass guitar,playing harpsichord
feMC18447Ec_000024,airplane,air conditioning noise,bathroom ventilation fan running,hair dryer drying,running electric fan,vacuum cleaner cleaning floors,lawn mowing,car engine idling,eletric blender running,helicopter,cutting hair with electric trimmers
fpCo9vXA3EM_000112,"playing steel guitar, slide guitar",playing acoustic guitar,playing electric guitar,playing banjo,playing mandolin,playing ukulele,playing sitar,playing harp,playing zither,playing piano,"playing marimba, xylophone"
g-9SK0or81c_000030,playing electric guitar,playing synthesizer,playing theremin,playing cello,"playing violin, fiddle",playing double bass,playing accordion,playing bagpipes,playing saxophone,playing flute,playing trombone
g-ghr5fAVpE_000030,playing didgeridoo,playing bagpipes,playing theremin,playing synthesizer,playing electronic organ,playing hammond organ,air conditioning noise,vacuum cleaner cleaning floors,hair dryer drying,running electric fan,cat purring
g-ydIGNxjbE_000004,pig oinking,dog barking,duck quacking,frog croaking,goat bleating,sheep bleating,chicken clucking,crow cawing,cat meowing,fox barking,chinchilla barking
g0vwHQf1lO0_000006,mynah bird singing,people whistling,playing flute,playing clarinet,playing oboe,playing harmonica,"playing violin, fiddle",playing theremin,child singing,people humming,yodelling
g3kkGbxwSLQ_000030,typing on computer keyboard,typing on typewriter,mouse clicking,playing castanets,woodpecker pecking tree,hammering nails,playing table tennis,people finger snapping,chopping wood,chopping food,playing darts
g4E8Tl7dEs8_000338,playing snare drum,playing castanets,hammering nails,people clapping,woodpecker pecking tree,typing on typewriter,playing table tennis,cap gun shooting,people finger snapping,mouse clicking,playing badminton
g5FVJveyyVM_000030,lions roaring,reversing beeps,"heart sounds, heartbeat",bouncing on trampoline,horse clip-clop,people marching,rope skipping,cell phone buzzing,car engine knocking,smoke detector beeping,metronome
gAAaCdIv_Jg_000179,sharpen knife,planing timber,writing on blackboard with chalk,disc scratching,ripping paper,sliding door,opening or closing drawers,opening or closing car electric windows,cat meowing,sheep bleating,dog whimpering
gBHlKMGENc0_000551,people slurping,people eating noodle,lip smacking,people hiccup,people burping,people coughing,people sneezing,people eating apple,people eating crisps,baby laughter,dog barking
gBq3ufewetU_000405,writing on blackboard with chalk,typing on computer keyboard,typing on typewriter,chopping food,footsteps on snow,people shuffling,ripping paper,plastic bottle crushing,eating with cutlery,people eating crisps,horse clip-clop
gBq3ufewetU_000420,writing on blackboard with chalk,typing on computer keyboard,typing on typewriter,chopping food,eating with cutlery,lip smacking,dog barking,duck quacking,chicken clucking,frog croaking,people coughing
gMDf19Ad_qA_000058,baby laughter,people giggling,people sniggering,baby babbling,people hiccup,people coughing,dog barking,duck quacking,pig oinking,sheep bleating,people sneezing
gPw-sP3px30_000208,church bell ringing,alarm clock ringing,telephone bell ringing,playing glockenspiel,playing vibraphone,playing steelpan,"playing marimba, xylophone","cattle, bovinae cowbell",wind chime,playing cymbal,playing gong
gX-HTzpXCkU_000178,chopping wood,hammering nails,playing darts,golf driving,striking pool,basketball bounce,door slamming,cap gun shooting,shot football,people finger snapping,bouncing on trampoline
gZbqznxxrbE_000367,airplane,car passing by,"motorboat, speedboat acceleration","engine accelerating, revving, vroom",foghorn,air horn,ambulance siren,fire truck siren,police car (siren),tornado roaring,train whistling
ga6Q5sJLaqU_000030,people burping,people farting,people coughing,people hiccup,people sneezing,lip smacking,dog barking,pig oinking,duck quacking,frog croaking,goat bleating
gdR6nuDBghI_000134,crow cawing,dog barking,pig oinking,frog croaking,mouse squeaking,chicken clucking,duck quacking,turkey gobbling,sheep bleating,goat bleating,baby laughter
ge191yHHQio_000030,playing harpsichord,playing piano,playing acoustic guitar,playing harp,playing ukulele,playing banjo,playing mandolin,playing zither,playing sitar,playing glockenspiel,"playing marimba, xylophone"
gedTn4z7wd4_000181,hedge trimmer running,cutting hair with electric trimmers,"electric shaver, electric razor shaving",lawn mowing,eletric blender running,hair dryer drying,vacuum cleaner cleaning floors,running electric fan,bathroom ventilation fan running,air conditioning noise,car engine idling
gfFpHArBxQU_000030,playing electronic organ,playing hammond organ,playing synthesizer,playing accordion,playing flute,playing clarinet,playing saxophone,playing harmonica,playing cello,playing trumpet,"playing violin, fiddle"
ggb93ZYIeaA_000082,"bird chirping, tweeting",canary calling,warbler chirping,wood thrush calling,baltimore oriole calling,barn swallow calling,chipmunk chirping,cuckoo bird calling,mouse squeaking,frog croaking,chicken clucking
gmyjKCxNFwY_000030,playing accordion,playing electronic organ,playing hammond organ,playing synthesizer,playing harmonica,playing bagpipes,playing clarinet,playing oboe,playing flute,playing saxophone,playing trumpet
gpIWcn9yiXg_000350,playing harp,playing acoustic guitar,playing electric guitar,playing ukulele,playing mandolin,playing banjo,playing zither,playing sitar,playing piano,playing harpsichord,"playing marimba, xylophone"
grryyLLuWk0_000034,church bell ringing,alarm clock ringing,telephone bell ringing,"cattle, bovinae cowbell",playing glockenspiel,playing vibraphone,playing tuning fork,playing gong,singing bowl,"playing marimba, xylophone",wind chime
h5NTDVXiTiI_000050,helicopter,car engine knocking,using sewing machines,printer printing,"motorboat, speedboat acceleration","heart sounds, heartbeat",horse clip-clop,people marching,reversing beeps,woodpecker pecking tree,cell phone buzzing
h8fMUaesCrA_000168,playing trombone,playing trumpet,playing french horn,playing cornet,playing bugle,playing saxophone,playing clarinet,playing bassoon,playing oboe,playing flute,playing accordion
hDGiU8zHWdU_000030,playing clarinet,playing flute,playing saxophone,playing oboe,playing bassoon,playing trumpet,playing trombone,playing french horn,"playing violin, fiddle",playing cello,playing accordion
hFkC9DzHoho_000099,playing bassoon,playing oboe,playing clarinet,playing saxophone,playing flute,playing trumpet,playing trombone,playing french horn,playing cello,"playing violin, fiddle",playing double bass
hFkC9DzHoho_000189,playing bassoon,playing oboe,playing clarinet,playing flute,playing saxophone,playing trumpet,playing trombone,playing french horn,playing cello,"playing violin, fiddle",playing double bass
hMsu6w5Ay44_000030,horse clip-clop,tap dancing,people marching,metronome,rope skipping,people running,footsteps on snow,playing castanets,"heart sounds, heartbeat",reversing beeps,smoke detector beeping
hUJWpx4ji1M_000092,playing bongo,playing congas,playing djembe,playing tabla,playing timbales,playing snare drum,metronome,horse clip-clop,playing castanets,rope skipping,"heart sounds, heartbeat"
ha8lvNZ7n7c_000046,playing oboe,playing clarinet,playing bassoon,playing flute,playing saxophone,playing trumpet,playing trombone,playing french horn,"playing violin, fiddle",playing cello,playing harmonica
haEhBq0E5Eo_000119,eletric blender running,hair dryer drying,vacuum cleaner cleaning floors,running electric fan,bathroom ventilation fan running,air conditioning noise,"electric shaver, electric razor shaving",cutting hair with electric trimmers,electric grinder grinding,lawn mowing,car engine idling
hdebdzPVZdQ_000101,playing bongo,playing congas,playing djembe,playing tabla,playing timbales,playing snare drum,playing castanets,playing tambourine,hammering nails,typing on typewriter,chopping wood
heZw1TTrtTU_000080,using sewing machines,cutting hair with electric trimmers,"electric shaver, electric razor shaving",hair dryer drying,vacuum cleaner cleaning floors,eletric blender running,printer printing,hedge trimmer running,chainsawing trees,"engine accelerating, revving, vroom",baby crying
hfqUU1lUFLw_000010,mouse pattering,mouse clicking,typing on computer keyboard,typing on typewriter,playing castanets,woodpecker pecking tree,hammering nails,people finger snapping,playing table tennis,playing badminton,chopping food
hidrmMfy49s_000014,playing trumpet,playing trombone,playing french horn,playing cornet,playing saxophone,playing clarinet,playing flute,playing oboe,playing bassoon,playing accordion,playing bagpipes
hizN7823a6c_000030,typing on typewriter,typing on computer keyboard,mouse clicking,playing castanets,hammering nails,woodpecker pecking tree,playing table tennis,playing badminton,playing squash,chopping wood,people finger snapping
hr3YL5Sl93M_000071,playing darts,golf driving,striking pool,bowling impact,shot football,door slamming,cupboard opening or closing,opening or closing car doors,people slapping,playing tennis,playing squash
hsmrvZEc_uw_000150,playing electronic organ,playing hammond organ,playing synthesizer,playing accordion,playing flute,playing clarinet,playing saxophone,playing trumpet,playing trombone,"playing violin, fiddle",playing cello
i0uH_RoDvqM_000030,opening or closing drawers,cupboard opening or closing,sliding door,opening or closing car doors,opening or closing car electric windows,ripping paper,skidding,strike lighter,people nose blowing,dog howling,cat meowing
i7zNzUXtXj0_000215,popping popcorn,lighting firecrackers,cap gun shooting,woodpecker pecking tree,typing on typewriter,hammering nails,playing castanets,mouse clicking,people finger snapping,chopping food,playing table tennis
iCIa_pmLDqs_000030,"playing steel guitar, slide guitar",playing acoustic guitar,playing electric guitar,playing banjo,playing ukulele,playing mandolin,playing harp,playing sitar,playing zither,playing bass guitar,playing piano
iM93yND9Ghw_000010,airplane,air conditioning noise,bathroom ventilation fan running,hair dryer drying,running electric fan,vacuum cleaner cleaning floors,lawn mowing,car engine idling,eletric blender running,helicopter,cutting hair with electric trimmers
iOQ1wlB0ZhM_000034,roller coaster running,"railroad car, train wagon","subway, metro, underground",air conditioning noise,bathroom ventilation fan running,vacuum cleaner cleaning floors,running electric fan,hair dryer drying,lawn mowing,helicopter,wind noise
iSyWKTPonhQ_000121,electric grinder grinding,hair dryer drying,vacuum cleaner cleaning floors,eletric blender running,cutting hair with electric trimmers,"electric shaver, electric razor shaving",hedge trimmer running,bathroom ventilation fan running,running electric fan,lathe spinning,lawn mowing
iUcepAhtxcc_000147,playing hockey,playing lacrosse,playing tennis,playing squash,playing badminton,playing table tennis,basketball bounce,striking pool,golf driving,hammering nails,chopping wood
iX5fyNvNOuk_000010,playing piano,playing glockenspiel,playing vibraphone,"playing marimba, xylophone",playing steelpan,playing harpsichord,playing acoustic guitar,playing ukulele,playing banjo,playing mandolin,playing harp
iYE4gYV7RA0_000060,playing hammond organ,playing electronic organ,playing synthesizer,playing accordion,playing harmonica,playing flute,playing clarinet,playing saxophone,playing trumpet,"playing violin, fiddle",playing cello
iYfgk0wAc2E_000001,hammering nails,chopping wood,playing table tennis,playing badminton,playing tennis,playing squash,basketball bounce,mouse clicking,people finger snapping,typing on typewriter,cap gun shooting
idmwtF7qPLI_000176,parrot talking,chicken clucking,duck quacking,dog barking,pig oinking,sheep bleating,goat bleating,turkey gobbling,crow cawing,mouse squeaking,frog croaking
ifGuIUPl1hE_000030,lions roaring,reversing beeps,smoke detector beeping,alarm clock ringing,owl hooting,"pigeon, dove cooing","donkey, ass braying",bull bellowing,cow lowing,dog howling,coyote howling
iiAWiz5IGMw_000425,sharpen knife,planing timber,"rowboat, canoe, kayak rowing",people shuffling,people marching,bouncing on trampoline,horse clip-clop,reversing beeps,smoke detector beeping,basketball bounce,metronome
ioQdfK6Ae9k_000010,playing djembe,playing bongo,playing congas,playing tabla,playing timbales,playing snare drum,playing tambourine,playing castanets,metronome,horse clip-clop,people clapping
ivmTP1YxO4k_000328,playing drum kit,playing snare drum,playing bongo,playing congas,playing djembe,playing timbales,playing tabla,metronome,horse clip-clop,people finger snapping,playing castanets
iz8en2Dt7vE_000017,playing trumpet,playing trombone,playing french horn,playing clarinet,playing saxophone,playing flute,playing oboe,playing bassoon,playing bugle,playing cornet,playing accordion
j-UGe1kz-HY_000003,parrot talking,baby babbling,chicken clucking,dog whimpering,duck quacking,pig oinking,turkey gobbling,mouse squeaking,sheep bleating,goat bleating,chipmunk chirping
j1PrEuMq-_M_000000,typing on typewriter,typing on computer keyboard,mouse clicking,hammering nails,chopping wood,playing darts,striking pool,people finger snapping,golf driving,cupboard opening or closing,opening or closing drawers
j3a60_lwWjE_000030,playing didgeridoo,playing bagpipes,playing accordion,playing harmonica,playing synthesizer,beat boxing,helicopter,alarm clock ringing,cell phone buzzing,playing theremin,people humming
j50SGKJ0MQI_000160,hedge trimmer running,lawn mowing,chainsawing trees,hair dryer drying,vacuum cleaner cleaning floors,"electric shaver, electric razor shaving",eletric blender running,running electric fan,bathroom ventilation fan running,air conditioning noise,lathe spinning
jEwEkr-PD6Y_000339,sharpen knife,planing timber,"rowboat, canoe, kayak rowing",reversing beeps,smoke detector beeping,writing on blackboard with chalk,metronome,horse clip-clop,"heart sounds, heartbeat",bouncing on trampoline,rope skipping
jFW5R2k4LWA_000036,playing drum kit,playing snare drum,metronome,horse clip-clop,playing bongo,playing castanets,playing congas,playing timbales,playing tambourine,"heart sounds, heartbeat",rope skipping
jFnM9C8jCdE_000161,playing harpsichord,playing piano,playing acoustic guitar,playing harp,playing ukulele,playing banjo,playing mandolin,playing zither,playing sitar,playing electric guitar,"playing marimba, xylophone"
jH3dF48ULng_000011,planing timber,hair dryer drying,vacuum cleaner cleaning floors,running electric fan,air conditioning noise,bathroom ventilation fan running,lawn mowing,eletric blender running,cutting hair with electric trimmers,"electric shaver, electric razor shaving",lathe spinning
jH6-RU2or84_000040,toilet flushing,splashing water,sloshing water,squishing water,spraying water,people gargling,people nose blowing,dog howling,coyote howling,lions roaring,thunder
jHxMioq9-uw_000003,playing bongo,playing congas,playing djembe,playing tabla,playing timbales,playing snare drum,playing castanets,playing tambourine,tapping guitar,people clapping,people finger snapping
jJp1gPilmxs_000009,playing harmonica,playing accordion,"playing violin, fiddle",playing flute,playing clarinet,playing saxophone,playing trumpet,playing cello,playing trombone,playing oboe,playing bagpipes
jOezpKDolRQ_000221,golf driving,striking pool,door slamming,shot football,bowling impact,playing darts,playing tennis,playing badminton,playing squash,cap gun shooting,strike lighter
jPKhBkLgFLk_000016,"playing violin, fiddle",playing cello,playing double bass,playing erhu,playing flute,playing clarinet,playing saxophone,playing trumpet,playing trombone,playing accordion,playing bagpipes
jWqqtybjzXE_000030,typing on typewriter,typing on computer keyboard,mouse clicking,playing castanets,hammering nails,woodpecker pecking tree,playing table tennis,playing badminton,people finger snapping,chopping wood,striking pool
jaI41fTAM54_000030,church bell ringing,telephone bell ringing,alarm clock ringing,playing glockenspiel,playing vibraphone,"playing marimba, xylophone",playing piano,playing harp,playing acoustic guitar,playing banjo,"cattle, bovinae cowbell"
jaK5VEN7fKY_000030,typing on typewriter,typing on computer keyboard,mouse clicking,playing castanets,hammering nails,chopping wood,woodpecker pecking tree,playing table tennis,playing badminton,people finger snapping,chopping food
jbaZyROpitQ_000010,baby laughter,people giggling,people sniggering,baby babbling,people hiccup,people coughing,dog barking,duck quacking,pig oinking,sheep bleating,people sneezing
jcKRIZHO37k_000082,"bird chirping, tweeting",warbler chirping,canary calling,black capped chickadee calling,barn swallow calling,baltimore oriole calling,wood thrush calling,chipmunk chirping,mouse squeaking,chicken clucking,duck quacking
jtRq_vXe9uQ_000246,lathe spinning,running electric fan,bathroom ventilation fan running,air conditioning noise,hair dryer drying,vacuum cleaner cleaning floors,eletric blender running,"electric shaver, electric razor shaving",cutting hair with electric trimmers,lawn mowing,car engine idling
jvRo7wsgQF4_000059,playing snare drum,metronome,horse clip-clop,people marching,playing castanets,rope skipping,basketball bounce,tap dancing,bouncing on trampoline,"heart sounds, heartbeat",reversing beeps
k1aqrzHl3qI_000030,cat caterwauling,elephant trumpeting,elk bugling,dog howling,coyote howling,train whistling,"vehicle horn, car horn, honking",air horn,foghorn,whale calling,playing shofar
kEa1IlvIW0k_000039,playing tambourine,playing castanets,playing bongo,playing congas,playing djembe,playing timbales,playing snare drum,people finger snapping,people clapping,playing washboard,playing guiro
kGo-dAQXtsA_000025,playing electric guitar,playing acoustic guitar,playing ukulele,"playing steel guitar, slide guitar",playing banjo,playing harp,playing mandolin,playing sitar,playing bass guitar,playing zither,playing piano
kGwrxzwJdRA_000030,baby babbling,chicken clucking,duck quacking,pig oinking,frog croaking,mouse squeaking,turkey gobbling,dog barking,sheep bleating,goat bleating,people hiccup
kKMK_8N0klM_000011,cheetah chirrup,chipmunk chirping,"bird chirping, tweeting",mouse squeaking,duck quacking,chicken clucking,pig oinking,frog croaking,fox barking,dog barking,ferret dooking
kKTBsC_L8kE_000176,playing snare drum,metronome,playing bass drum,"heart sounds, heartbeat",basketball bounce,bouncing on trampoline,rope skipping,horse clip-clop,people finger snapping,playing castanets,hammering nails
kKafEAL6m7A_000236,sharpen knife,playing guiro,playing washboard,planing timber,"rowboat, canoe, kayak rowing",reversing beeps,smoke detector beeping,bouncing on trampoline,writing on blackboard with chalk,playing tambourine,chopping food
kKihNQ44dDQ_000100,playing electric guitar,playing acoustic guitar,playing ukulele,playing banjo,playing mandolin,playing bass guitar,"playing steel guitar, slide guitar",playing harp,playing zither,playing sitar,playing piano
kLySMIzASNE_000030,typing on typewriter,typing on computer keyboard,mouse clicking,playing castanets,woodpecker pecking tree,hammering nails,chopping wood,playing table tennis,playing badminton,people finger snapping,cap gun shooting
kO8TVRcXI98_000303,elk bugling,coyote howling,dog howling,gibbon howling,elephant trumpeting,"donkey, ass braying",cat caterwauling,yodelling,lions roaring,cow lowing,train whistling
kO_VmIHmggc_000045,wood thrush calling,playing flute,people whistling,playing shofar,train whistling,whale calling,elk bugling,elephant trumpeting,dog howling,coyote howling,"vehicle horn, car horn, honking"
kP5V1uJct5A_000031,"male speech, man speaking","female speech, woman speaking","child speech, kid speaking",baby babbling,rapping,male singing,female singing,baby crying,dog howling,coyote howling,yodelling
kXAfPnwvchE_000111,playing djembe,playing bongo,playing congas,playing tabla,playing timbales,playing snare drum,playing castanets,playing tambourine,horse clip-clop,"heart sounds, heartbeat",metronome
kh77cZfsDvc_000037,cattle mooing,elephant trumpeting,"donkey, ass braying",goat bleating,sheep bleating,elk bugling,dog howling,coyote howling,goose honking,air horn,foghorn
klExMKT88MQ_000160,playing electronic organ,playing hammond organ,playing synthesizer,playing accordion,playing harmonica,playing theremin,playing flute,playing clarinet,playing saxophone,playing trumpet,playing trombone
ktis2aZfphM_000010,playing cello,"playing violin, fiddle",playing double bass,playing erhu,playing flute,playing clarinet,playing saxophone,playing trumpet,playing trombone,playing accordion,playing bagpipes
l13XyX-sMwk_000406,lip smacking,mouse clicking,people finger snapping,typing on typewriter,playing castanets,chopping food,hammering nails,playing table tennis,playing badminton,basketball bounce,striking pool
l13XyX-sMwk_001613,lip smacking,mouse clicking,typing on computer keyboard,people finger snapping,playing castanets,chopping food,typing on typewriter,playing table tennis,people clapping,hammering nails,woodpecker pecking tree
l78ooOwvRyY_000000,toilet flushing,spraying water,splashing water,sloshing water,people gargling,car passing by,airplane flyby,foghorn,air horn,people nose blowing,blowtorch igniting
l7RTgupQWcc_000030,fireworks banging,lighting firecrackers,cap gun shooting,popping popcorn,machine gun shooting,woodpecker pecking tree,playing castanets,hammering nails,typing on typewriter,people clapping,basketball bounce
l8huGsnYzus_000023,wind chime,"cattle, bovinae cowbell",playing glockenspiel,playing vibraphone,playing steelpan,playing acoustic guitar,playing harp,playing banjo,playing mandolin,playing zither,church bell ringing
lAXpiE0dm_k_000340,playing piano,playing acoustic guitar,playing electric guitar,playing ukulele,playing banjo,playing mandolin,playing harp,playing zither,playing sitar,playing glockenspiel,"playing marimba, xylophone"
lIvNNndi03c_000081,wind chime,playing glockenspiel,playing vibraphone,"cattle, bovinae cowbell",church bell ringing,"playing marimba, xylophone",playing harp,playing acoustic guitar,playing banjo,playing gong,playing cymbal
lNEMzNU9Unc_000080,wood thrush calling,playing flute,people whistling,playing shofar,train whistling,whale calling,elk bugling,elephant trumpeting,dog howling,coyote howling,"vehicle horn, car horn, honking"
lNpyUGhdNI0_000000,rope skipping,metronome,horse clip-clop,people marching,woodpecker pecking tree,"heart sounds, heartbeat",playing castanets,tap dancing,playing tambourine,smoke detector beeping,reversing beeps
laSDlOFM5vc_000025,canary calling,chipmunk chirping,mouse squeaking,frog croaking,chicken clucking,duck quacking,pig oinking,dog barking,baby laughter,turkey gobbling,people coughing
ljQ1uYYhtxM_000027,telephone bell ringing,alarm clock ringing,church bell ringing,civil defense siren,ambulance siren,fire truck siren,police car (siren),foghorn,train horning,"vehicle horn, car horn, honking",air horn
llBZutC66Cw_000221,playing double bass,playing bass guitar,playing cello,playing acoustic guitar,playing electric guitar,"playing violin, fiddle",playing ukulele,playing banjo,playing mandolin,playing harp,playing sitar
lnZakZnnpMo_000080,people finger snapping,mouse clicking,playing darts,golf driving,striking pool,cap gun shooting,door slamming,cupboard opening or closing,bouncing on trampoline,shot football,striking bowling
lsAu4_RaXHU_000020,playing harmonica,playing accordion,playing clarinet,playing saxophone,playing flute,playing trumpet,playing trombone,playing oboe,playing bassoon,playing french horn,playing bugle
lu52106QS6E_000025,playing trumpet,playing cornet,playing bugle,playing trombone,playing french horn,playing saxophone,playing clarinet,playing flute,playing oboe,playing bassoon,playing accordion
m0ZXviXIW4U_000103,tornado roaring,wind noise,air conditioning noise,bathroom ventilation fan running,hair dryer drying,vacuum cleaner cleaning floors,running electric fan,waterfall burbling,raining,sea waves,airplane
mBo_ZG-uQJs_000000,ripping paper,plastic bottle crushing,dog barking,people coughing,duck quacking,pig oinking,sheep bleating,goat bleating,chicken clucking,turkey gobbling,lip smacking
mCaniZpghFE_000310,playing harp,playing acoustic guitar,playing electric guitar,playing ukulele,playing banjo,playing mandolin,playing zither,playing sitar,playing piano,playing harpsichord,playing vibraphone
mEslZvugQCc_000030,male singing,female singing,child singing,yodelling,people humming,playing flute,playing saxophone,playing clarinet,playing trombone,playing trumpet,"playing violin, fiddle"
mEuLwjBPLxk_000048,playing drum kit,playing snare drum,metronome,horse clip-clop,playing bongo,playing castanets,playing congas,playing timbales,playing tambourine,"heart sounds, heartbeat",rope skipping
mFI667MN3NY_000030,mouse pattering,typing on computer keyboard,typing on typewriter,mouse clicking,people finger snapping,playing castanets,woodpecker pecking tree,hammering nails,chopping food,playing table tennis,people clapping
mKVAgtsoQjA_000180,using sewing machines,cutting hair with electric trimmers,"electric shaver, electric razor shaving",electric grinder grinding,chainsawing trees,hedge trimmer running,"engine accelerating, revving, vroom",driving snowmobile,dog howling,cat caterwauling,people screaming
mSlE2F9N-8g_000030,singing bowl,playing tuning fork,playing gong,church bell ringing,"cattle, bovinae cowbell",playing glockenspiel,playing vibraphone,playing cymbal,wind chime,playing acoustic guitar,playing harp
mYZyXIYEJAQ_000095,female singing,male singing,child singing,yodelling,rapping,people humming,"female speech, woman speaking","male speech, man speaking",dog howling,coyote howling,playing theremin
mZKUFZhLXAE_000021,beat boxing,playing bass drum,playing bongo,playing congas,playing djembe,playing tabla,reversing beeps,"heart sounds, heartbeat",bouncing on trampoline,rope skipping,playing tambourine
magdHwtSIjY_000031,missile launch,tornado roaring,volcano explosion,airplane flyby,blowtorch igniting,foghorn,air horn,civil defense siren,train whistling,car passing by,"motorboat, speedboat acceleration"
mcrf1Mb99d4_000068,playing timpani,playing bass drum,playing gong,playing cymbal,playing vibraphone,playing glockenspiel,"playing marimba, xylophone",playing steelpan,church bell ringing,"cattle, bovinae cowbell",singing bowl
mhZMQF-y8n0_000061,playing drum kit,playing snare drum,metronome,horse clip-clop,playing bongo,playing castanets,playing congas,playing timbales,playing tambourine,"heart sounds, heartbeat",rope skipping
mhZMQF-y8n0_000097,playing drum kit,playing snare drum,metronome,horse clip-clop,playing bongo,playing castanets,playing congas,playing timbales,playing tambourine,"heart sounds, heartbeat",rope skipping
mhmVWT-tH1U_000139,ripping paper,plastic bottle crushing,chopping food,people eating crisps,writing on blackboard with chalk,typing on computer keyboard,footsteps on snow,lip smacking,dog whimpering,chipmunk chirping,"bird chirping, tweeting"
mjLyKhmOGYo_000178,playing tambourine,playing castanets,metronome,playing snare drum,playing bongo,playing congas,playing timbales,playing djembe,playing tabla,playing drum kit,people marching
mlpF226Gvlo_000000,cat purring,air conditioning noise,bathroom ventilation fan running,hair dryer drying,vacuum cleaner cleaning floors,running electric fan,lawn mowing,car engine idling,eletric blender running,cutting hair with electric trimmers,"electric shaver, electric razor shaving"
muEqLs4xcvs_000030,female singing,male singing,child singing,yodelling,people humming,singing choir,playing theremin,playing bagpipes,playing didgeridoo,"playing violin, fiddle",playing flute
mx2J7tKL66w_000050,playing drum kit,playing snare drum,metronome,horse clip-clop,playing bongo,playing castanets,playing congas,playing timbales,playing tambourine,"heart sounds, heartbeat",rope skipping
n-tBbgUkFxo_000032,woodpecker pecking tree,chopping wood,hammering nails,playing castanets,typing on typewriter,people clapping,mouse clicking,playing table tennis,cap gun shooting,playing snare drum,people finger snapping
n3t92d8Xgp8_000020,typing on typewriter,typing on computer keyboard,mouse clicking,hammering nails,playing castanets,woodpecker pecking tree,playing table tennis,people clapping,people finger snapping,chopping wood,playing darts
n4-THBrsn4o_000123,coyote howling,dog barking,dog bow-wow,fox barking,chinchilla barking,pig oinking,duck quacking,chicken clucking,turkey gobbling,sheep bleating,goat bleating
nC1p4WWdMgY_000316,lip smacking,mouse clicking,people finger snapping,typing on typewriter,playing castanets,hammering nails,chopping food,playing table tennis,playing badminton,striking pool,people clapping
nMOlAg-Kjf8_000017,playing trombone,playing trumpet,playing french horn,playing saxophone,playing clarinet,playing flute,playing oboe,playing bassoon,playing cello,"playing violin, fiddle",playing accordion
nTcGKRvqIbM_000003,chicken clucking,duck quacking,pig oinking,dog barking,frog croaking,sheep bleating,goat bleating,turkey gobbling,goose honking,crow cawing,sea lion barking
nTkRP49OtCs_000159,people gargling,people humming,baby crying,cat meowing,dog whimpering,people whispering,sheep bleating,goat bleating,people sobbing,sloshing water,baby babbling
nd40lIYtQmA_000138,playing table tennis,playing tennis,playing badminton,playing squash,playing volleyball,basketball bounce,golf driving,playing darts,striking pool,mouse clicking,hammering nails
nfzZeT_liEQ_000130,hair dryer drying,bathroom ventilation fan running,running electric fan,air conditioning noise,vacuum cleaner cleaning floors,eletric blender running,"electric shaver, electric razor shaving",cutting hair with electric trimmers,lawn mowing,hedge trimmer running,lathe spinning
niO21pQgixA_000001,raining,hail,wind rustling leaves,fire crackling,stream burbling,waterfall burbling,spraying water,underwater bubbling,ocean burbling,sea waves,wind noise
noH950QMOLg_000198,playing snare drum,playing castanets,hammering nails,woodpecker pecking tree,typing on typewriter,people clapping,playing table tennis,mouse clicking,people finger snapping,chopping wood,cap gun shooting
nqd6uO6hDSo_000030,dog howling,coyote howling,elk bugling,"donkey, ass braying",cat caterwauling,cattle mooing,goat bleating,sheep bleating,lions roaring,elephant trumpeting,gibbon howling
nsF7XYUGx7g_000308,tornado roaring,wind noise,air conditioning noise,bathroom ventilation fan running,hair dryer drying,vacuum cleaner cleaning floors,running electric fan,waterfall burbling,raining,lawn mowing,eletric blender running
ntmttPBZemM_000416,forging swords,"cattle, bovinae cowbell",playing steelpan,playing glockenspiel,playing vibraphone,"playing marimba, xylophone",playing cymbal,wind chime,playing gong,church bell ringing,playing acoustic guitar
nzwmPWAAQFg_000030,baby crying,people sobbing,dog howling,coyote howling,cat caterwauling,"donkey, ass braying",goat bleating,sheep bleating,cattle mooing,elk bugling,gibbon howling
o0Bn4m6dQbI_000100,playing accordion,playing electronic organ,playing hammond organ,playing bagpipes,playing synthesizer,playing harmonica,playing didgeridoo,playing theremin,orchestra,singing choir,yodelling
o0mATRdzZSc_000050,wood thrush calling,playing flute,people whistling,playing shofar,train whistling,whale calling,elk bugling,elephant trumpeting,dog howling,coyote howling,"vehicle horn, car horn, honking"
o7I9BknIZKY_000256,playing squash,playing tennis,playing table tennis,playing badminton,playing volleyball,basketball bounce,golf driving,striking pool,hammering nails,chopping wood,people finger snapping
oGvi_XmvwCA_000109,playing drum kit,playing snare drum,metronome,horse clip-clop,playing bongo,playing castanets,playing congas,playing timbales,playing tambourine,"heart sounds, heartbeat",rope skipping
oNp2zzKIhgk_000029,hedge trimmer running,lawn mowing,chainsawing trees,cutting hair with electric trimmers,"electric shaver, electric razor shaving",eletric blender running,vacuum cleaner cleaning floors,hair dryer drying,running electric fan,bathroom ventilation fan running,air conditioning noise
oU_MZilklxE_000188,"male speech, man speaking","female speech, woman speaking","child speech, kid speaking",people whispering,parrot talking,baby babbling,rapping,yodelling,cat meowing,sheep bleating,goat bleating
oVcQgIsw2Ac_000030,playing accordion,playing harmonica,playing electronic organ,playing hammond organ,playing synthesizer,playing bagpipes,playing clarinet,playing saxophone,playing flute,playing trumpet,"playing violin, fiddle"
oY9G944VcmI_000534,playing erhu,"playing violin, fiddle",playing cello,playing double bass,playing saxophone,playing clarinet,playing flute,playing trumpet,playing trombone,playing accordion,playing harmonica
oYEzy8gH6q8_000030,playing electric guitar,playing acoustic guitar,playing ukulele,"playing steel guitar, slide guitar",playing banjo,playing harp,playing mandolin,playing sitar,playing bass guitar,playing zither,playing piano
oag4toyJDZU_000198,ripping paper,sliding door,cupboard opening or closing,opening or closing drawers,cat meowing,sheep bleating,goat bleating,cow lowing,"donkey, ass braying",horse neighing,toilet flushing
ob2_1sTTEiU_000014,missile launch,airplane flyby,car passing by,blowtorch igniting,foghorn,air horn,train whistling,civil defense siren,ambulance siren,police car (siren),fire truck siren
ok-srXYE5tg_000004,wind chime,"cattle, bovinae cowbell",playing glockenspiel,playing vibraphone,playing steelpan,"playing marimba, xylophone",church bell ringing,playing acoustic guitar,playing ukulele,playing banjo,playing harp
opuHiPsyay0_000030,missile launch,airplane flyby,car passing by,tornado roaring,volcano explosion,thunder,toilet flushing,blowtorch igniting,foghorn,air horn,train whistling
oq5O-cdiQbY_000000,playing tuning fork,singing bowl,playing gong,church bell ringing,playing cymbal,playing vibraphone,playing glockenspiel,"playing marimba, xylophone",playing timpani,playing tympani,"cattle, bovinae cowbell"
pC3DIX8-Xoo_000030,dog growling,cat growling,lions growling,otter growling,cat caterwauling,dog howling,coyote howling,dog whimpering,bull bellowing,cow lowing,"donkey, ass braying"
pCF6jJMaCnU_000030,playing harpsichord,playing piano,playing acoustic guitar,playing harp,playing banjo,playing mandolin,playing zither,playing sitar,playing ukulele,"playing marimba, xylophone",playing glockenspiel
pIfeBL7vUcw_000420,playing harp,playing acoustic guitar,playing ukulele,playing banjo,playing mandolin,playing sitar,playing zither,playing electric guitar,playing bass guitar,playing piano,playing harpsichord
pK5UyBgIZQU_000071,playing tambourine,reversing beeps,smoke detector beeping,metronome,horse clip-clop,"heart sounds, heartbeat",bouncing on trampoline,people marching,playing washboard,rope skipping,cell phone buzzing
pMfpDNSFc-w_000009,otter growling,mouse squeaking,dog whimpering,cat meowing,pig oinking,sheep bleating,goat bleating,chicken clucking,duck quacking,ferret dooking,chinchilla barking
pUn8YqN2meU_000009,playing cornet,playing trumpet,playing trombone,playing french horn,playing saxophone,playing clarinet,playing flute,playing oboe,playing bassoon,playing harmonica,playing accordion
pUn8YqN2meU_000059,playing cornet,playing trumpet,playing trombone,playing french horn,playing bugle,playing saxophone,playing clarinet,playing flute,playing oboe,playing bassoon,playing accordion
paCqw1LucVY_000005,playing tambourine,metronome,horse clip-clop,people marching,playing castanets,basketball bounce,rope skipping,tap dancing,playing table tennis,"heart sounds, heartbeat",reversing beeps
pignXMaONpY_000411,playing bongo,playing congas,playing djembe,playing tabla,playing snare drum,playing timbales,playing castanets,playing tambourine,playing drum kit,people clapping,woodpecker pecking tree
pjuHVmcoVFc_000036,playing oboe,playing clarinet,playing bassoon,playing saxophone,playing flute,playing trumpet,playing trombone,playing french horn,playing cello,"playing violin, fiddle",playing accordion
pt67dyEbwGY_000039,playing snare drum,playing castanets,typing on typewriter,woodpecker pecking tree,hammering nails,cap gun shooting,people clapping,playing table tennis,mouse clicking,people finger snapping,chopping wood
pxfDwsH7jk8_000398,"male speech, man speaking","female speech, woman speaking","child speech, kid speaking",people whispering,baby babbling,police radio chatter,people humming,rapping,yodelling,male singing,female singing
q221aOp6MDo_000022,telephone bell ringing,alarm clock ringing,smoke detector beeping,reversing beeps,cell phone buzzing,church bell ringing,ambulance siren,police car (siren),fire truck siren,civil defense siren,"ice cream truck, ice cream van"
q797zkZNePo_000206,sharpen knife,planing timber,writing on blackboard with chalk,disc scratching,people shuffling,"rowboat, canoe, kayak rowing",footsteps on snow,skateboarding,eating with cutlery,baby crying,dog whimpering
q8s1yCYp4Go_000015,arc welding,fire crackling,raining,hail,popping popcorn,underwater bubbling,stream burbling,waterfall burbling,wind rustling leaves,ocean burbling,splashing water
qEBAFHQkGnc_000164,"female speech, woman speaking","male speech, man speaking","child speech, kid speaking",baby babbling,parrot talking,rapping,people whispering,yodelling,cat meowing,sheep bleating,goat bleating
qEJ_jxZzt7k_000030,playing electric guitar,playing acoustic guitar,playing ukulele,playing banjo,playing mandolin,playing bass guitar,"playing steel guitar, slide guitar",playing piano,playing harp,playing sitar,playing zither
qEtEMpphMK0_000223,playing bongo,playing congas,playing tabla,playing djembe,playing timbales,playing castanets,metronome,horse clip-clop,tap dancing,woodpecker pecking tree,"heart sounds, heartbeat"
qKaQMUDOwRg_000090,"male speech, man speaking","female speech, woman speaking","child speech, kid speaking",parrot talking,baby babbling,cat meowing,dog howling,sheep bleating,goat bleating,cattle mooing,yodelling
qNk_mhwmkws_000130,golf driving,door slamming,shot football,striking pool,bowling impact,cap gun shooting,playing darts,mouse clicking,people finger snapping,cupboard opening or closing,strike lighter
qVvAWkoLOz0_000108,playing snare drum,playing castanets,hammering nails,woodpecker pecking tree,typing on typewriter,people clapping,playing table tennis,mouse clicking,people finger snapping,playing badminton,playing squash
qYjhJeSVJ2A_000030,singing bowl,playing didgeridoo,playing theremin,air conditioning noise,bathroom ventilation fan running,running electric fan,hair dryer drying,vacuum cleaner cleaning floors,car engine idling,wind noise,waterfall burbling
q_K7AV8EWks_000026,playing bongo,playing congas,playing djembe,playing tabla,playing timbales,playing snare drum,playing tambourine,playing castanets,playing drum kit,tapping guitar,people clapping
qdoVrbfM588_000346,chopping wood,hammering nails,playing table tennis,playing badminton,playing tennis,playing squash,basketball bounce,woodpecker pecking tree,people finger snapping,striking pool,playing darts
qfwEfapK0go_000038,elk bugling,coyote howling,dog howling,elephant trumpeting,foghorn,air horn,train whistling,eagle screaming,yodelling,lions roaring,cat caterwauling
qllcpbpZyqg_000012,playing drum kit,playing snare drum,metronome,horse clip-clop,playing bongo,playing castanets,playing congas,playing timbales,playing tambourine,"heart sounds, heartbeat",rope skipping
qrZAB7XymYU_000022,elephant trumpeting,"donkey, ass braying",elk bugling,horse neighing,dog howling,coyote howling,lions roaring,cattle mooing,goat bleating,sheep bleating,goose honking
qsLFz9wSGYU_000021,playing bassoon,playing clarinet,playing oboe,playing saxophone,playing flute,playing trombone,playing trumpet,playing french horn,playing cello,"playing violin, fiddle",playing double bass
qxAblk9Jvas_000032,cheetah chirrup,chipmunk chirping,"bird chirping, tweeting",chicken clucking,duck quacking,pig oinking,goat bleating,sheep bleating,dog barking,fox barking,chinchilla barking
qxnBcZ0CETg_000171,airplane,air conditioning noise,bathroom ventilation fan running,hair dryer drying,running electric fan,vacuum cleaner cleaning floors,lawn mowing,car engine idling,eletric blender running,helicopter,cutting hair with electric trimmers
r-5NCjm4GlQ_000053,tap dancing,playing castanets,typing on typewriter,typing on computer keyboard,horse clip-clop,people finger snapping,mouse clicking,hammering nails,chopping food,playing table tennis,rope skipping
r4BoQxrLtic_000030,crow cawing,dog barking,pig oinking,frog croaking,mouse squeaking,chicken clucking,duck quacking,turkey gobbling,sheep bleating,goat bleating,baby laughter
r6lXYeXskDA_000014,mynah bird singing,people whistling,playing flute,playing clarinet,playing oboe,playing harmonica,"playing violin, fiddle",playing theremin,child singing,people humming,yodelling
r93h4dD3XRU_000020,civil defense siren,ambulance siren,fire truck siren,police car (siren),foghorn,air horn,train whistling,train horning,"vehicle horn, car horn, honking",playing theremin,playing didgeridoo
rDL7ha8WS44_000174,tap dancing,playing castanets,typing on typewriter,typing on computer keyboard,woodpecker pecking tree,playing snare drum,people clapping,mouse clicking,people finger snapping,chopping food,hammering nails
rJg75xog4hs_000029,"male speech, man speaking","female speech, woman speaking","child speech, kid speaking",people whispering,baby babbling,male singing,female singing,child singing,rapping,yodelling,people humming
rLe9N0YyjqY_000006,beat boxing,"heart sounds, heartbeat",reversing beeps,smoke detector beeping,bouncing on trampoline,rope skipping,people marching,playing bongo,playing congas,playing djembe,horse clip-clop
rNHbhgnEskY_000030,playing bagpipes,playing didgeridoo,playing accordion,playing electronic organ,playing hammond organ,playing synthesizer,playing theremin,running electric fan,hair dryer drying,vacuum cleaner cleaning floors,bathroom ventilation fan running
rOQt6_E-x_0_000000,female singing,male singing,child singing,singing choir,yodelling,people humming,rapping,playing bagpipes,playing didgeridoo,playing theremin,playing synthesizer
rOolowH8rI4_000023,chimpanzee pant-hooting,dog barking,duck quacking,pig oinking,chicken clucking,crow cawing,frog croaking,sheep bleating,goat bleating,fox barking,chipmunk chirping
rREf2jL0jQs_000010,playing drum kit,playing snare drum,metronome,horse clip-clop,playing bongo,playing castanets,playing congas,playing timbales,playing tambourine,"heart sounds, heartbeat",rope skipping
rTh92nlG9io_000030,typing on computer keyboard,typing on typewriter,mouse clicking,playing castanets,woodpecker pecking tree,hammering nails,playing table tennis,people clapping,people finger snapping,chopping food,chopping wood
rW0Vwotvx3s_000178,playing piano,playing harpsichord,playing acoustic guitar,playing electric guitar,playing ukulele,playing banjo,playing mandolin,playing harp,playing vibraphone,playing glockenspiel,"playing marimba, xylophone"
rXHHLtG_iGQ_000562,tap dancing,playing castanets,typing on typewriter,typing on computer keyboard,woodpecker pecking tree,playing snare drum,hammering nails,people clapping,mouse clicking,playing table tennis,horse clip-clop
rXU4vJ4Rz4A_000032,footsteps on snow,people marching,horse clip-clop,people running,rope skipping,tap dancing,"heart sounds, heartbeat",bouncing on trampoline,reversing beeps,"rowboat, canoe, kayak rowing",metronome
rajXrf_Dzfw_000029,cattle mooing,elephant trumpeting,"donkey, ass braying",goat bleating,sheep bleating,elk bugling,dog howling,coyote howling,goose honking,air horn,foghorn
rf3ye_WX4Ic_000080,"male speech, man speaking","female speech, woman speaking","child speech, kid speaking",baby crying,dog howling,cat meowing,sheep bleating,goat bleating,cattle mooing,"donkey, ass braying",yodelling
rfK_uUg-vKM_000030,"male speech, man speaking","female speech, woman speaking","child speech, kid speaking",people whispering,baby babbling,rapping,male singing,female singing,child singing,yodelling,beat boxing
rg4bhfytF9A_000022,playing timpani,playing bass drum,playing gong,playing cymbal,playing vibraphone,playing glockenspiel,"playing marimba, xylophone",playing steelpan,church bell ringing,"cattle, bovinae cowbell",singing bowl
rg4bhfytF9A_000039,playing timpani,playing bass drum,playing gong,playing cymbal,playing vibraphone,playing glockenspiel,"playing marimba, xylophone",playing steelpan,church bell ringing,"cattle, bovinae cowbell",singing bowl
rglibN33aks_000012,opening or closing car electric windows,opening or closing car doors,cupboard opening or closing,opening or closing drawers,sliding door,toilet flushing,hair dryer drying,vacuum cleaner cleaning floors,eletric blender running,cutting hair with electric trimmers,"electric shaver, electric razor shaving"
rgqJFceVM2I_000066,chicken clucking,duck quacking,pig oinking,dog barking,frog croaking,sheep bleating,goat bleating,turkey gobbling,goose honking,crow cawing,sea lion barking
rhWrIKdn8ic_000116,people whispering,"female speech, woman speaking","male speech, man speaking","child speech, kid speaking",baby babbling,people babbling,rapping,police radio chatter,parrot talking,people humming,yodelling
rh_rFJsOmis_000340,singing bowl,playing didgeridoo,playing theremin,playing bagpipes,air conditioning noise,bathroom ventilation fan running,running electric fan,vacuum cleaner cleaning floors,hair dryer drying,cat purring,wind noise
rpxgZXOkr1A_000030,lip smacking,people slurping,people eating,people eating apple,people eating crisps,people eating noodle,people hiccup,people burping,chicken clucking,frog croaking,pig oinking
rqNRRqAjk6g_000533,lathe spinning,vacuum cleaner cleaning floors,hair dryer drying,running electric fan,air conditioning noise,bathroom ventilation fan running,eletric blender running,"electric shaver, electric razor shaving",cutting hair with electric trimmers,lawn mowing,hedge trimmer running
rrWsWt-rDrQ_000100,playing trombone,playing trumpet,playing french horn,playing saxophone,playing clarinet,playing flute,playing oboe,playing bassoon,"playing violin, fiddle",playing cello,playing accordion
ryskM4LGrtk_000530,playing tambourine,playing washboard,playing guiro,horse clip-clop,reversing beeps,smoke detector beeping,"heart sounds, heartbeat",bouncing on trampoline,playing castanets,metronome,tap dancing
rzxqz7XqLHA_000220,helicopter,bathroom ventilation fan running,hair dryer drying,vacuum cleaner cleaning floors,running electric fan,air conditioning noise,lawn mowing,eletric blender running,"electric shaver, electric razor shaving",cutting hair with electric trimmers,car engine idling
sF6jbD_KbVg_000056,mouse clicking,typing on computer keyboard,typing on typewriter,playing castanets,people finger snapping,hammering nails,woodpecker pecking tree,playing table tennis,playing darts,basketball bounce,chopping wood
sNuctsHhAJg_000047,playing timpani,playing bass drum,playing gong,playing cymbal,playing vibraphone,playing glockenspiel,"playing marimba, xylophone",playing steelpan,church bell ringing,"cattle, bovinae cowbell",singing bowl
sQ3NiBJoqtc_000112,playing shofar,playing trumpet,playing trombone,playing french horn,playing bugle,playing cornet,playing saxophone,playing clarinet,playing flute,playing oboe,playing bassoon
sSJAzADv_pw_000030,people giggling,people coughing,people hiccup,dog barking,pig oinking,duck quacking,sheep bleating,goat bleating,frog croaking,chicken clucking,turkey gobbling
sUktuuWltHc_000010,"donkey, ass braying",zebra braying,penguins braying,dog howling,coyote howling,gibbon howling,elk bugling,cattle mooing,sheep bleating,goat bleating,lions roaring
sl37XQfkJCQ_000030,playing synthesizer,playing theremin,playing electronic organ,playing hammond organ,playing didgeridoo,playing bagpipes,ambulance siren,civil defense siren,police car (siren),fire truck siren,running electric fan
slOgYIKuAx4_000240,playing piano,playing acoustic guitar,playing electric guitar,playing ukulele,playing harp,playing mandolin,playing banjo,playing harpsichord,"playing marimba, xylophone",playing vibraphone,playing glockenspiel
szZJa2XhkMM_000034,strike lighter,blowtorch igniting,people coughing,people sneezing,people hiccup,dog barking,pig oinking,cupboard opening or closing,opening or closing drawers,people burping,cap gun shooting
tBUVgCiHFds_000009,spraying water,hair dryer drying,vacuum cleaner cleaning floors,eletric blender running,bathroom ventilation fan running,running electric fan,cutting hair with electric trimmers,"electric shaver, electric razor shaving",toilet flushing,car engine idling,cat purring
tEDkAulFrSg_000018,fireworks banging,cap gun shooting,hammering nails,playing snare drum,playing castanets,typing on typewriter,people clapping,woodpecker pecking tree,playing table tennis,basketball bounce,chopping wood
tHOs4zebKis_000270,airplane,air conditioning noise,bathroom ventilation fan running,hair dryer drying,running electric fan,vacuum cleaner cleaning floors,lawn mowing,car engine idling,eletric blender running,helicopter,cutting hair with electric trimmers
tJTDa31Bw_k_000209,playing bongo,playing congas,playing djembe,playing tabla,playing snare drum,playing timbales,playing castanets,playing tambourine,playing drum kit,playing bass drum,tapping guitar
tJeSG7_rM2I_000257,opening or closing car electric windows,opening or closing car doors,opening or closing drawers,cupboard opening or closing,sliding door,"vehicle horn, car horn, honking",toilet flushing,car engine starting,cat meowing,dog whimpering,baby crying
tNzp5xotBjs_000120,playing double bass,playing bass guitar,playing cello,playing acoustic guitar,playing electric guitar,playing ukulele,playing banjo,playing mandolin,playing harp,"playing violin, fiddle",playing piano
tQamQOhxjwY_000225,planing timber,"vehicle horn, car horn, honking",air horn,train whistling,coyote howling,"donkey, ass braying",crow cawing,cat meowing,sheep bleating,people whistling,people screaming
tR4zs1xwI98_000009,police car (siren),ambulance siren,fire truck siren,civil defense siren,air horn,foghorn,"vehicle horn, car horn, honking",train horning,train whistling,"ice cream truck, ice cream van",coyote howling
tf2KhTHbKLQ_000010,wind noise,air conditioning noise,bathroom ventilation fan running,hair dryer drying,vacuum cleaner cleaning floors,running electric fan,car engine idling,tornado roaring,waterfall burbling,sea waves,raining
ttJkInDP92Y_000000,fireworks banging,cap gun shooting,hammering nails,playing castanets,woodpecker pecking tree,typing on typewriter,people clapping,popping popcorn,basketball bounce,lighting firecrackers,firing muskets
u0Ys0J4rvFQ_000023,cat caterwauling,elephant trumpeting,elk bugling,dog howling,coyote howling,train whistling,"vehicle horn, car horn, honking",air horn,foghorn,whale calling,playing shofar
u30_ujm5wPk_000191,playing piano,playing harpsichord,playing acoustic guitar,playing electric guitar,playing ukulele,playing banjo,playing mandolin,playing harp,playing zither,playing sitar,"playing marimba, xylophone"
u8co2zxYAWY_000035,playing bassoon,playing oboe,playing clarinet,playing saxophone,playing flute,playing french horn,playing trombone,playing trumpet,playing cello,"playing violin, fiddle",playing double bass
uBBjaf6ehLo_000087,playing squash,playing tennis,playing table tennis,playing badminton,playing volleyball,basketball bounce,striking pool,hammering nails,woodpecker pecking tree,playing castanets,mouse clicking
uBRNy4AKKqA_000026,playing guiro,playing washboard,reversing beeps,"heart sounds, heartbeat",rope skipping,people marching,bouncing on trampoline,smoke detector beeping,car engine knocking,playing tambourine,metronome
uDqVzJtaxOc_000020,playing synthesizer,playing theremin,playing electronic organ,playing hammond organ,playing accordion,"playing violin, fiddle",playing cello,playing flute,playing clarinet,playing saxophone,playing trumpet
uF7G9AuI1Qk_000030,smoke detector beeping,"vehicle horn, car horn, honking",train horning,air horn,alarm clock ringing,telephone bell ringing,ambulance siren,owl hooting,"donkey, ass braying",elk bugling,cattle mooing
uI6wFzp1KdI_000078,machine gun shooting,cap gun shooting,hammering nails,woodpecker pecking tree,playing snare drum,playing castanets,typing on typewriter,people clapping,playing table tennis,basketball bounce,mouse clicking
uJJ494MYSmo_000007,sea waves,wind noise,raining,waterfall burbling,stream burbling,air conditioning noise,bathroom ventilation fan running,vacuum cleaner cleaning floors,hair dryer drying,running electric fan,tornado roaring
uLdRi__nG2c_000030,typing on computer keyboard,typing on typewriter,mouse clicking,playing castanets,hammering nails,woodpecker pecking tree,playing table tennis,people finger snapping,chopping wood,playing darts,striking pool
uY63pSkcQpM_000000,footsteps on snow,horse clip-clop,metronome,people marching,rope skipping,"heart sounds, heartbeat",reversing beeps,tap dancing,basketball bounce,bouncing on trampoline,"rowboat, canoe, kayak rowing"
uhmXridEbTs_000494,playing bongo,playing congas,playing djembe,playing tabla,playing timbales,playing snare drum,playing castanets,playing tambourine,tapping guitar,people clapping,people finger snapping
uiEid6SosC8_000014,playing trombone,playing trumpet,playing french horn,playing saxophone,playing clarinet,playing flute,playing oboe,playing bassoon,playing cello,"playing violin, fiddle",playing accordion
ujryzdkUYb4_000217,forging swords,"cattle, bovinae cowbell",wind chime,playing glockenspiel,playing steelpan,playing acoustic guitar,playing ukulele,playing banjo,playing mandolin,playing harp,playing vibraphone
um-biLfru-c_000009,lathe spinning,bathroom ventilation fan running,air conditioning noise,hair dryer drying,vacuum cleaner cleaning floors,running electric fan,eletric blender running,"electric shaver, electric razor shaving",cutting hair with electric trimmers,lawn mowing,car engine idling
uoCay5JXnn4_000000,toilet flushing,spraying water,sloshing water,squishing water,car passing by,airplane flyby,people gargling,people nose blowing,sliding door,car engine starting,thunder
vRoArfxoUJk_000017,golf driving,playing tennis,playing badminton,playing squash,playing table tennis,playing volleyball,basketball bounce,striking pool,playing darts,shot football,striking bowling
vS5cYNOFeBs_000012,chicken clucking,duck quacking,pig oinking,dog barking,frog croaking,sheep bleating,goat bleating,turkey gobbling,goose honking,crow cawing,sea lion barking
vcspniRIpNk_000023,arc welding,fire crackling,raining,hail,popping popcorn,"bee, wasp, etc. buzzing",mosquito buzzing,"fly, housefly buzzing",stream burbling,underwater bubbling,wind rustling leaves
vg92QEL4w4I_000419,"male speech, man speaking","female speech, woman speaking","child speech, kid speaking",people whispering,baby babbling,people babbling,rapping,yodelling,male singing,female singing,child singing
vhyVvH6FPYI_000056,playing bassoon,playing oboe,playing clarinet,playing flute,playing saxophone,playing french horn,playing trombone,playing trumpet,playing cello,"playing violin, fiddle",playing accordion
vnlZ_V13P0A_000268,golf driving,striking pool,bowling impact,door slamming,cap gun shooting,shot football,playing darts,people finger snapping,people slapping,basketball bounce,firing cannon
vuYE5G1C9MQ_000025,playing bassoon,playing clarinet,playing oboe,playing flute,playing saxophone,playing trumpet,playing trombone,playing french horn,playing harmonica,playing accordion,playing synthesizer
vzY4mHyr-F8_000214,male singing,female singing,child singing,yodelling,people humming,playing flute,"playing violin, fiddle",playing cello,playing saxophone,playing clarinet,playing trumpet
w2vMywh5Nto_000010,playing mandolin,playing acoustic guitar,playing banjo,playing ukulele,playing harp,playing sitar,playing zither,playing electric guitar,playing piano,"playing marimba, xylophone",playing harpsichord
wG1EGAx0rRY_000033,"male speech, man speaking","female speech, woman speaking","child speech, kid speaking",people whispering,baby babbling,people babbling,police radio chatter,people humming,male singing,singing choir,people crowd
wGHq188CAs4_000090,sharpen knife,playing washboard,disc scratching,planing timber,writing on blackboard with chalk,horse clip-clop,metronome,"heart sounds, heartbeat",people marching,tap dancing,rope skipping
wOzgCyoi9l8_000006,gibbon howling,coyote howling,dog howling,elk bugling,elephant trumpeting,"donkey, ass braying",yodelling,chimpanzee pant-hooting,cat caterwauling,playing shofar,playing bugle
wPfv8ifzzyg_000030,lawn mowing,hedge trimmer running,car engine idling,vacuum cleaner cleaning floors,hair dryer drying,air conditioning noise,running electric fan,bathroom ventilation fan running,eletric blender running,"electric shaver, electric razor shaving",cutting hair with electric trimmers
wPoeFpD3gUQ_000358,ripping paper,plastic bottle crushing,opening or closing drawers,cupboard opening or closing,opening or closing car doors,cat meowing,dog whimpering,sheep bleating,goat bleating,pig oinking,"donkey, ass braying"
wVuG3imDmLU_000338,playing piano,playing harpsichord,playing acoustic guitar,playing ukulele,playing mandolin,playing banjo,playing harp,playing zither,playing sitar,playing electric guitar,"playing marimba, xylophone"
w_z9oSn-eIM_000280,playing piano,playing harpsichord,"playing marimba, xylophone",playing vibraphone,playing glockenspiel,playing acoustic guitar,playing electric guitar,playing ukulele,playing harp,playing mandolin,playing banjo
wgIE51p26u8_000021,elk bugling,coyote howling,dog howling,gibbon howling,elephant trumpeting,"donkey, ass braying",horse neighing,bull bellowing,cat caterwauling,foghorn,air horn
wjLClGwjeIU_000114,airplane,air conditioning noise,bathroom ventilation fan running,hair dryer drying,vacuum cleaner cleaning floors,running electric fan,lawn mowing,eletric blender running,"electric shaver, electric razor shaving",cutting hair with electric trimmers,car engine idling
x1BSrucmESI_000039,snake rattling,"bee, wasp, etc. buzzing","fly, housefly buzzing",mosquito buzzing,fire crackling,raining,hail,wind rustling leaves,waterfall burbling,stream burbling,underwater bubbling
x50I2W-Ahek_000241,playing drum kit,playing snare drum,metronome,horse clip-clop,playing bongo,playing castanets,playing congas,playing timbales,playing tambourine,"heart sounds, heartbeat",rope skipping
xAmYnybedFw_000117,snake rattling,"bee, wasp, etc. buzzing",mosquito buzzing,"fly, housefly buzzing",fire crackling,raining,hail,"electric shaver, electric razor shaving",cutting hair with electric trimmers,wind rustling leaves,cell phone buzzing
xK-7W3ZPd3o_000094,chopping wood,metronome,"heart sounds, heartbeat",horse clip-clop,people marching,rope skipping,basketball bounce,tap dancing,playing table tennis,playing badminton,playing tennis
xVOO1rp-yuk_000128,planing timber,electric grinder grinding,lathe spinning,cutting hair with electric trimmers,"electric shaver, electric razor shaving",lawn mowing,eletric blender running,hair dryer drying,vacuum cleaner cleaning floors,running electric fan,bathroom ventilation fan running
xVOO1rp-yuk_000200,planing timber,lathe spinning,"electric shaver, electric razor shaving",cutting hair with electric trimmers,eletric blender running,hair dryer drying,vacuum cleaner cleaning floors,running electric fan,bathroom ventilation fan running,air conditioning noise,lawn mowing
x_5t0os3A2I_000009,playing congas,playing bongo,playing djembe,playing tabla,playing timbales,playing tambourine,playing snare drum,playing castanets,playing drum kit,tapping guitar,"playing marimba, xylophone"
xanOeYcQpcM_000020,lawn mowing,air conditioning noise,bathroom ventilation fan running,hair dryer drying,vacuum cleaner cleaning floors,running electric fan,eletric blender running,"electric shaver, electric razor shaving",cutting hair with electric trimmers,car engine idling,helicopter
xgwzTQ8vnso_000030,playing synthesizer,playing electronic organ,playing hammond organ,playing accordion,playing piano,playing harpsichord,playing theremin,playing harmonica,playing flute,playing clarinet,playing saxophone
xoxlmx1OfuQ_000112,playing trumpet,playing trombone,playing french horn,playing saxophone,playing clarinet,playing flute,playing oboe,playing bassoon,playing cornet,playing bugle,playing accordion
xtU4NZPuylU_000000,fireworks banging,cap gun shooting,hammering nails,playing castanets,woodpecker pecking tree,typing on typewriter,people clapping,popping popcorn,basketball bounce,lighting firecrackers,firing muskets
xvdOFvI6tAY_000060,opening or closing drawers,cupboard opening or closing,sliding door,opening or closing car doors,ripping paper,plastic bottle crushing,strike lighter,toilet flushing,car engine starting,people nose blowing,people burping
y6jT3Q3gyvs_000012,baby crying,reversing beeps,smoke detector beeping,metronome,"heart sounds, heartbeat",bouncing on trampoline,rope skipping,chicken clucking,horse clip-clop,alarm clock ringing,cell phone buzzing
y8Yv4pnO7qc_000030,playing trombone,playing trumpet,playing french horn,playing saxophone,playing clarinet,playing flute,playing oboe,playing bassoon,playing cornet,playing bugle,playing accordion
yA9_yeb_rrw_000342,spraying water,hair dryer drying,vacuum cleaner cleaning floors,running electric fan,bathroom ventilation fan running,air conditioning noise,eletric blender running,wind noise,raining,waterfall burbling,stream burbling
yGeIkgt-Hr0_000019,playing trumpet,playing trombone,playing clarinet,playing saxophone,playing flute,"playing violin, fiddle",playing cello,playing french horn,playing oboe,playing cornet,playing bugle
yNqzpXyIB1o_000030,"male speech, man speaking","female speech, woman speaking","child speech, kid speaking",people whispering,male singing,female singing,child singing,yodelling,baby crying,dog howling,cat meowing
yOP7z54BXYo_000030,playing harpsichord,playing piano,playing acoustic guitar,playing harp,playing banjo,playing mandolin,playing ukulele,playing sitar,playing zither,playing electric guitar,"playing marimba, xylophone"
yXKFzL5lFKE_000041,lathe spinning,vacuum cleaner cleaning floors,hair dryer drying,running electric fan,air conditioning noise,bathroom ventilation fan running,lawn mowing,eletric blender running,"electric shaver, electric razor shaving",cutting hair with electric trimmers,car engine idling
yd-zVxzkM-c_000803,lip smacking,mouse clicking,people finger snapping,typing on typewriter,playing castanets,hammering nails,chopping food,people clapping,typing on computer keyboard,playing darts,people slapping
yhA_TTKetyM_000030,dog howling,coyote howling,elk bugling,gibbon howling,cat caterwauling,"donkey, ass braying",bull bellowing,cow lowing,yodelling,foghorn,train whistling
yy0n-N17n04_000010,playing harmonica,playing accordion,playing bagpipes,playing flute,playing saxophone,playing clarinet,playing oboe,playing trombone,playing trumpet,playing french horn,"playing violin, fiddle"
z4HX8-du2nQ_000070,helicopter,airplane,air conditioning noise,bathroom ventilation fan running,lawn mowing,vacuum cleaner cleaning floors,running electric fan,hair dryer drying,eletric blender running,wind noise,sea waves
z9Y5GltImjc_000344,lip smacking,mouse clicking,people finger snapping,typing on typewriter,playing castanets,woodpecker pecking tree,hammering nails,playing table tennis,playing darts,striking pool,chopping food
zBuVTpKmgQE_000020,playing tambourine,playing bongo,playing congas,playing djembe,playing timbales,playing guiro,playing washboard,playing castanets,playing tabla,tapping guitar,chopping food
zCshWxv85bE_000001,warbler chirping,chipmunk chirping,mouse squeaking,frog croaking,dog barking,people whistling,baby laughter,people hiccup,chicken clucking,duck quacking,pig oinking
zLjGbjdmoOo_000074,missile launch,airplane flyby,car passing by,"engine accelerating, revving, vroom",thunder,dog howling,coyote howling,elk bugling,foghorn,train horning,civil defense siren
zP9onmjoAIs_000207,striking pool,bowling impact,striking bowling,golf driving,door slamming,shot football,firing cannon,playing darts,people slapping,playing hockey,playing lacrosse
zZYEL5ih3n4_000134,dinosaurs bellowing,bull bellowing,lions roaring,cow lowing,elk bugling,elephant trumpeting,dog howling,coyote howling,"donkey, ass braying",lions growling,cattle mooing
zk1GeJP6Y00_000000,sea lion barking,dog barking,fox barking,chinchilla barking,pig oinking,duck quacking,chicken clucking,sheep bleating,goat bleating,turkey gobbling,crow cawing
zk4YZ_mbx2c_000012,playing tennis,playing badminton,playing table tennis,playing squash,playing volleyball,basketball bounce,golf driving,striking pool,playing darts,hammering nails,chopping wood
zu2LE5amQ5g_000026,smoke detector beeping,reversing beeps,metronome,"heart sounds, heartbeat",bouncing on trampoline,rope skipping,cricket chirping,cell phone buzzing,horse clip-clop,alarm clock ringing,telephone bell ringing
zuqaQqmtzXs_000095,playing tuning fork,singing bowl,playing glockenspiel,playing vibraphone,playing gong,playing cymbal,church bell ringing,"cattle, bovinae cowbell",wind chime,playing acoustic guitar,playing harp
zx_vcwOsDO4_000050,playing electric guitar,playing acoustic guitar,playing ukulele,"playing steel guitar, slide guitar",playing banjo,playing harp,playing mandolin,playing sitar,playing bass guitar,playing zither,playing piano
3qesirWAGt4_000020,dog barking,chicken clucking,duck quacking,pig oinking,frog croaking,sheep bleating,goat bleating,turkey gobbling,mouse squeaking,baby laughter,people coughing
